Date/Time,Load,Wind,Hydro,Fossil,Biomass
8/29/2021 0:00,5125,31,5253,1130,1145
8/29/2021 0:05,5108,32,5011,1138,1149
8/29/2021 0:10,5076,31,4755,1154,1144
8/29/2021 0:15,5055,28,4725,1153,1152
8/29/2021 0:20,5021,27,4617,1148,1149
8/29/2021 0:25,4974,29,4646,1148,1150
8/29/2021 0:30,4987,31,4656,1148,1150
8/29/2021 0:35,4942,31,4619,1149,1146
8/29/2021 0:40,4956,29,4646,1160,1146
8/29/2021 0:45,4937,26,4647,1160,1145
8/29/2021 0:50,4948,26,4592,1154,1146
8/29/2021 0:55,4882,23,4604,1155,1152
8/29/2021 1:00,4882,21,4504,1158,1152
8/29/2021 1:05,4883,20,4504,1155,1152
8/29/2021 1:10,4868,18,4389,1157,1152
8/29/2021 1:15,4839,16,4417,1159,1152
8/29/2021 1:20,4839,15,4412,1161,1150
8/29/2021 1:25,4841,13,4430,1160,1150
8/29/2021 1:30,4807,13,4434,1156,1152
8/29/2021 1:35,4804,13,4419,1164,1152
8/29/2021 1:40,4776,12,4400,1161,1150
8/29/2021 1:45,4760,13,4420,1160,1152
8/29/2021 1:50,4756,15,4377,1159,1147
8/29/2021 1:55,4742,14,4316,1159,1147
8/29/2021 2:00,4753,14,4226,1158,1146
8/29/2021 2:05,4726,16,4255,1162,1148
8/29/2021 2:10,4708,17,4204,1165,1149
8/29/2021 2:15,4691,18,4206,1162,1149
8/29/2021 2:20,4727,20,4208,1163,1146
8/29/2021 2:25,4696,20,4247,1161,1152
8/29/2021 2:30,4700,22,4218,1160,1152
8/29/2021 2:35,4683,23,4214,1157,1152
8/29/2021 2:40,4666,25,4197,1158,1147
8/29/2021 2:45,4653,26,4156,1159,1152
8/29/2021 2:50,4685,26,4205,1158,1152
8/29/2021 2:55,4655,28,4183,1170,1152
8/29/2021 3:00,4658,28,4152,1184,1149
8/29/2021 3:05,4650,28,4141,1199,1154
8/29/2021 3:10,4648,27,4133,1207,1154
8/29/2021 3:15,4683,27,4098,1209,1148
8/29/2021 3:20,4655,25,4122,1207,1152
8/29/2021 3:25,4646,27,4114,1207,1149
8/29/2021 3:30,4646,28,4048,1211,1152
8/29/2021 3:35,4608,29,4084,1210,1149
8/29/2021 3:40,4652,30,4101,1209,1149
8/29/2021 3:45,4622,29,4073,1206,1151
8/29/2021 3:50,4625,31,4061,1211,1152
8/29/2021 3:55,4627,31,4079,1212,1153
8/29/2021 4:00,4646,30,4079,1218,1153
8/29/2021 4:05,4627,27,4107,1207,1153
8/29/2021 4:10,4646,26,4149,1206,1152
8/29/2021 4:15,4646,28,4175,1212,1149
8/29/2021 4:20,4643,27,4193,1211,1154
8/29/2021 4:25,4654,27,4189,1208,1146
8/29/2021 4:30,4650,27,4184,1208,1150
8/29/2021 4:35,4655,27,4168,1206,1155
8/29/2021 4:40,4646,25,4186,1208,1147
8/29/2021 4:45,4647,25,4209,1206,1153
8/29/2021 4:50,4676,26,4200,1211,1153
8/29/2021 4:55,4656,25,4207,1206,1154
8/29/2021 5:00,4654,25,4216,1212,1154
8/29/2021 5:05,4684,23,4264,1207,1149
8/29/2021 5:10,4707,24,4249,1208,1154
8/29/2021 5:15,4696,24,4235,1205,1154
8/29/2021 5:20,4706,23,4226,1209,1152
8/29/2021 5:25,4703,22,4235,1211,1154
8/29/2021 5:30,4718,24,4221,1206,1152
8/29/2021 5:35,4750,25,4244,1207,1152
8/29/2021 5:40,4750,23,4252,1210,1154
8/29/2021 5:45,4717,25,4259,1209,1155
8/29/2021 5:50,4745,27,4285,1210,1152
8/29/2021 5:55,4756,29,4402,1210,1154
8/29/2021 6:00,4757,29,4543,1207,1154
8/29/2021 6:05,4815,28,4799,1212,1152
8/29/2021 6:10,4823,27,4858,1211,1154
8/29/2021 6:15,4824,28,4909,1210,1149
8/29/2021 6:20,4833,26,4907,1210,1155
8/29/2021 6:25,4850,24,4933,1207,1150
8/29/2021 6:30,4841,22,4916,1211,1149
8/29/2021 6:35,4852,21,4903,1211,1155
8/29/2021 6:40,4857,18,4890,1211,1155
8/29/2021 6:45,4890,15,4898,1212,1155
8/29/2021 6:50,4867,12,4887,1214,1155
8/29/2021 6:55,4909,13,4994,1213,1156
8/29/2021 7:00,4899,11,4991,1213,1155
8/29/2021 7:05,4953,11,5042,1213,1155
8/29/2021 7:10,4964,11,5089,1212,1152
8/29/2021 7:15,4977,10,5098,1213,1156
8/29/2021 7:20,5035,9,5081,1216,1154
8/29/2021 7:25,5043,7,5095,1218,1152
8/29/2021 7:30,5041,6,5088,1214,1154
8/29/2021 7:35,5085,5,5095,1217,1152
8/29/2021 7:40,5110,2,5123,1218,1154
8/29/2021 7:45,5150,1,5134,1214,1155
8/29/2021 7:50,5156,2,5167,1213,1152
8/29/2021 7:55,5165,2,5279,1210,1155
8/29/2021 8:00,5200,2,5340,1208,1149
8/29/2021 8:05,5224,2,5365,1208,1154
8/29/2021 8:10,5237,2,5431,1207,1154
8/29/2021 8:15,5277,2,5445,1200,1152
8/29/2021 8:20,5309,2,5429,1210,1149
8/29/2021 8:25,5337,2,5470,1204,1150
8/29/2021 8:30,5370,2,5520,1204,1149
8/29/2021 8:35,5360,3,5520,1202,1150
8/29/2021 8:40,5389,2,5483,1199,1152
8/29/2021 8:45,5408,2,5457,1199,1147
8/29/2021 8:50,5409,1,5533,1203,1154
8/29/2021 8:55,5456,1,5669,1195,1149
8/29/2021 9:00,5437,1,5674,1197,1149
8/29/2021 9:05,5472,2,5751,1199,1152
8/29/2021 9:10,5509,1,5791,1198,1148
8/29/2021 9:15,5496,1,5785,1201,1154
8/29/2021 9:20,5525,1,5807,1200,1152
8/29/2021 9:25,5537,1,5822,1198,1154
8/29/2021 9:30,5546,1,5798,1201,1152
8/29/2021 9:35,5563,2,5840,1199,1148
8/29/2021 9:40,5577,3,5821,1200,1152
8/29/2021 9:45,5567,3,5822,1199,1150
8/29/2021 9:50,5587,3,5838,1196,1152
8/29/2021 9:55,5606,3,5908,1192,1147
8/29/2021 10:00,5592,4,5857,1191,1149
8/29/2021 10:05,5620,4,5935,1186,1146
8/29/2021 10:10,5610,6,6004,1182,1149
8/29/2021 10:15,5649,6,6033,1178,1150
8/29/2021 10:20,5641,7,6002,1180,1151
8/29/2021 10:25,5663,6,5997,1181,1151
8/29/2021 10:30,5685,8,6001,1178,1150
8/29/2021 10:35,5697,9,6084,1178,1150
8/29/2021 10:40,5676,10,6126,1174,1149
8/29/2021 10:45,5710,12,6083,1179,1149
8/29/2021 10:50,5709,13,6109,1177,1150
8/29/2021 10:55,5734,14,6118,1178,1149
8/29/2021 11:00,5742,14,6117,1176,1148
8/29/2021 11:05,5774,16,6242,1179,1150
8/29/2021 11:10,5774,17,6342,1177,1147
8/29/2021 11:15,5796,19,6334,1174,1149
8/29/2021 11:20,5807,19,6369,1176,1149
8/29/2021 11:25,5843,22,6349,1177,1148
8/29/2021 11:30,5838,23,6378,1172,1142
8/29/2021 11:35,5812,26,6294,1176,1149
8/29/2021 11:40,5820,27,6290,1172,1146
8/29/2021 11:45,5831,28,6298,1173,1145
8/29/2021 11:50,5872,32,6311,1171,1146
8/29/2021 11:55,5883,30,6557,1168,1140
8/29/2021 12:00,5882,32,6819,1163,1140
8/29/2021 12:05,5932,27,7020,1165,1146
8/29/2021 12:10,5919,28,7275,1163,1146
8/29/2021 12:15,5942,30,7302,1162,1147
8/29/2021 12:20,5958,30,7333,1159,1140
8/29/2021 12:25,5959,33,7377,1157,1146
8/29/2021 12:30,5947,32,7337,1159,1140
8/29/2021 12:35,5994,32,7382,1151,1140
8/29/2021 12:40,5997,35,7400,1155,1141
8/29/2021 12:45,6020,32,7382,1156,1140
8/29/2021 12:50,6003,36,7401,1154,1143
8/29/2021 12:55,6041,32,7420,1157,1143
8/29/2021 13:00,6040,32,7440,1156,1145
8/29/2021 13:05,6058,34,7506,1158,1139
8/29/2021 13:10,6117,33,7561,1155,1138
8/29/2021 13:15,6103,35,7520,1154,1143
8/29/2021 13:20,6120,32,7577,1157,1143
8/29/2021 13:25,6117,33,7555,1155,1144
8/29/2021 13:30,6175,30,7602,1150,1146
8/29/2021 13:35,6120,33,7540,1153,1139
8/29/2021 13:40,6185,32,7501,1151,1145
8/29/2021 13:45,6168,34,7532,1160,1144
8/29/2021 13:50,6171,34,7573,1156,1139
8/29/2021 13:55,6238,35,7602,1159,1145
8/29/2021 14:00,6208,35,7735,1153,1140
8/29/2021 14:05,6195,35,7752,1156,1140
8/29/2021 14:10,6239,32,7849,1155,1144
8/29/2021 14:15,6260,35,7895,1155,1144
8/29/2021 14:20,6270,32,7878,1156,1139
8/29/2021 14:25,6303,26,7854,1155,1146
8/29/2021 14:30,6289,30,7903,1156,1144
8/29/2021 14:35,6304,25,7963,1154,1140
8/29/2021 14:40,6327,25,7929,1153,1144
8/29/2021 14:45,6349,24,7892,1154,1140
8/29/2021 14:50,6373,25,7948,1152,1138
8/29/2021 14:55,6379,26,7911,1149,1139
8/29/2021 15:00,6370,23,7935,1152,1140
8/29/2021 15:05,6379,19,7986,1143,1143
8/29/2021 15:10,6372,21,7999,1148,1143
8/29/2021 15:15,6383,16,8007,1150,1142
8/29/2021 15:20,6415,19,8041,1153,1142
8/29/2021 15:25,6420,18,8071,1154,1142
8/29/2021 15:30,6422,15,8149,1148,1143
8/29/2021 15:35,6464,14,8179,1150,1142
8/29/2021 15:40,6469,15,8116,1147,1138
8/29/2021 15:45,6510,17,8137,1156,1141
8/29/2021 15:50,6494,16,8229,1158,1137
8/29/2021 15:55,6541,13,8221,1156,1142
8/29/2021 16:00,6560,14,8190,1155,1143
8/29/2021 16:05,6569,12,8298,1157,1142
8/29/2021 16:10,6584,11,8381,1152,1143
8/29/2021 16:15,6601,12,8352,1156,1138
8/29/2021 16:20,6592,11,8416,1154,1143
8/29/2021 16:25,6623,14,8394,1151,1142
8/29/2021 16:30,6618,18,8458,1154,1141
8/29/2021 16:35,6654,28,8489,1151,1142
8/29/2021 16:40,6675,43,8486,1151,1138
8/29/2021 16:45,6719,51,8461,1152,1137
8/29/2021 16:50,6703,65,8419,1153,1142
8/29/2021 16:55,6763,73,8467,1151,1141
8/29/2021 17:00,6735,86,8517,1153,1137
8/29/2021 17:05,6763,90,8528,1153,1140
8/29/2021 17:10,6781,88,8478,1152,1136
8/29/2021 17:15,6773,91,8507,1154,1135
8/29/2021 17:20,6778,93,8469,1155,1141
8/29/2021 17:25,6792,97,8499,1151,1136
8/29/2021 17:30,6781,100,8424,1150,1143
8/29/2021 17:35,6774,103,8471,1148,1136
8/29/2021 17:40,6776,107,8492,1148,1142
8/29/2021 17:45,6814,109,8513,1146,1137
8/29/2021 17:50,6814,113,8519,1150,1136
8/29/2021 17:55,6790,111,8567,1161,1143
8/29/2021 18:00,6821,112,8562,1160,1141
8/29/2021 18:05,6837,110,8578,1156,1142
8/29/2021 18:10,6837,111,8607,1159,1137
8/29/2021 18:15,6816,118,8597,1160,1140
8/29/2021 18:20,6813,113,8594,1157,1138
8/29/2021 18:25,6804,119,8626,1159,1143
8/29/2021 18:30,6811,130,8638,1162,1144
8/29/2021 18:35,6779,134,8563,1167,1140
8/29/2021 18:40,6778,140,8535,1165,1144
8/29/2021 18:45,6743,139,8515,1168,1143
8/29/2021 18:50,6745,149,8457,1169,1139
8/29/2021 18:55,6720,154,8387,1170,1137
8/29/2021 19:00,6679,159,8277,1179,1137
8/29/2021 19:05,6630,165,8220,1180,1141
8/29/2021 19:10,6618,175,8199,1180,1144
8/29/2021 19:15,6630,187,8207,1185,1143
8/29/2021 19:20,6562,200,8133,1184,1143
8/29/2021 19:25,6567,210,8144,1185,1137
8/29/2021 19:30,6532,219,8112,1185,1139
8/29/2021 19:35,6527,229,8102,1189,1139
8/29/2021 19:40,6507,230,8077,1183,1139
8/29/2021 19:45,6470,237,8093,1184,1144
8/29/2021 19:50,6489,244,8097,1189,1143
8/29/2021 19:55,6521,256,8051,1188,1144
8/29/2021 20:00,6482,260,8045,1190,1142
8/29/2021 20:05,6460,265,8039,1191,1141
8/29/2021 20:10,6470,284,7977,1186,1144
8/29/2021 20:15,6475,299,8003,1188,1145
8/29/2021 20:20,6439,306,7998,1194,1140
8/29/2021 20:25,6428,309,7964,1193,1140
8/29/2021 20:30,6411,312,7944,1187,1138
8/29/2021 20:35,6364,316,7933,1193,1140
8/29/2021 20:40,6365,320,7859,1191,1145
8/29/2021 20:45,6328,326,7819,1194,1140
8/29/2021 20:50,6274,326,7745,1196,1140
8/29/2021 20:55,6253,332,7628,1194,1140
8/29/2021 21:00,6205,338,7514,1196,1145
8/29/2021 21:05,6163,354,7477,1199,1140
8/29/2021 21:10,6127,371,7309,1200,1144
8/29/2021 21:15,6091,404,7252,1200,1145
8/29/2021 21:20,6061,443,7217,1196,1145
8/29/2021 21:25,6026,463,7129,1198,1145
8/29/2021 21:30,5995,481,7114,1198,1140
8/29/2021 21:35,5967,491,7016,1197,1148
8/29/2021 21:40,5926,527,6921,1198,1143
8/29/2021 21:45,5920,557,6856,1195,1144
8/29/2021 21:50,5851,606,6752,1203,1146
8/29/2021 21:55,5814,629,6387,1197,1145
8/29/2021 22:00,5762,655,5859,1207,1149
8/29/2021 22:05,5710,677,5474,1210,1149
8/29/2021 22:10,5666,725,5045,1207,1145
8/29/2021 22:15,5613,776,4848,1202,1143
8/29/2021 22:20,5600,841,4751,1208,1148
8/29/2021 22:25,5527,908,4593,1212,1146
8/29/2021 22:30,5521,950,4539,1208,1144
8/29/2021 22:35,5476,991,4507,1207,1150
8/29/2021 22:40,5445,1032,4409,1210,1149
8/29/2021 22:45,5392,1073,4287,1205,1146
8/29/2021 22:50,5378,921,4221,1205,1148
8/29/2021 22:55,5343,812,4445,1200,1141
8/29/2021 23:00,5295,855,4458,1181,1147
8/29/2021 23:05,5313,1015,4416,1174,1142
8/29/2021 23:10,5279,1146,4276,1164,1140
8/29/2021 23:15,5237,1131,4226,1163,1146
8/29/2021 23:20,5197,1107,4186,1163,1145
8/29/2021 23:25,5152,1089,4173,1170,1144
8/29/2021 23:30,5143,1081,4156,1168,1146
8/29/2021 23:35,5137,1051,4162,1167,1145
8/29/2021 23:40,5106,1024,4150,1159,1146
8/29/2021 23:45,5105,1034,4154,1159,1141
8/29/2021 23:50,5039,1023,4132,1161,1146
8/29/2021 23:55,5006,1029,4099,1162,1145
8/30/2021 0:00,4987,1038,4067,1173,1146
8/30/2021 0:05,4973,1037,4106,1170,1146
8/30/2021 0:10,4952,1031,4087,1169,1142
8/30/2021 0:15,4938,1020,4105,1173,1142
8/30/2021 0:20,4929,1032,4108,1173,1146
8/30/2021 0:25,4915,1060,4133,1175,1146
8/30/2021 0:30,4888,1070,4143,1171,1146
8/30/2021 0:35,4869,1085,4098,1172,1148
8/30/2021 0:40,4868,1080,4077,1177,1148
8/30/2021 0:45,4852,1090,4005,1174,1140
8/30/2021 0:50,4817,1113,3960,1182,1146
8/30/2021 0:55,4818,1136,3886,1179,1146
8/30/2021 1:00,4791,1158,3838,1180,1142
8/30/2021 1:05,4777,1188,3837,1177,1142
8/30/2021 1:10,4766,1220,3807,1172,1147
8/30/2021 1:15,4762,1226,3806,1178,1147
8/30/2021 1:20,4759,1241,3784,1178,1145
8/30/2021 1:25,4753,1245,3805,1172,1148
8/30/2021 1:30,4759,1283,3751,1177,1149
8/30/2021 1:35,4738,1285,3763,1180,1146
8/30/2021 1:40,4733,1263,3760,1173,1149
8/30/2021 1:45,4726,1274,3761,1180,1150
8/30/2021 1:50,4722,1263,3738,1179,1143
8/30/2021 1:55,4716,1266,3770,1176,1151
8/30/2021 2:00,4709,1265,3813,1177,1149
8/30/2021 2:05,4702,1273,3826,1176,1145
8/30/2021 2:10,4710,1307,3891,1175,1150
8/30/2021 2:15,4696,1313,3892,1178,1147
8/30/2021 2:20,4685,1318,3878,1172,1149
8/30/2021 2:25,4709,1330,3877,1173,1150
8/30/2021 2:30,4685,1329,3873,1172,1152
8/30/2021 2:35,4686,1333,3876,1173,1146
8/30/2021 2:40,4678,1333,3868,1166,1152
8/30/2021 2:45,4671,1349,3875,1174,1152
8/30/2021 2:50,4690,1390,3836,1174,1152
8/30/2021 2:55,4671,1441,3789,1175,1152
8/30/2021 3:00,4695,1461,3707,1173,1152
8/30/2021 3:05,4678,1457,3716,1172,1152
8/30/2021 3:10,4684,1456,3707,1166,1152
8/30/2021 3:15,4700,1451,3717,1168,1152
8/30/2021 3:20,4674,1471,3693,1167,1152
8/30/2021 3:25,4673,1484,3680,1172,1146
8/30/2021 3:30,4672,1489,3694,1168,1152
8/30/2021 3:35,4679,1501,3699,1171,1146
8/30/2021 3:40,4696,1508,3702,1169,1149
8/30/2021 3:45,4690,1501,3687,1172,1149
8/30/2021 3:50,4691,1494,3696,1168,1144
8/30/2021 3:55,4706,1508,3690,1168,1147
8/30/2021 4:00,4719,1519,3713,1169,1152
8/30/2021 4:05,4727,1564,3718,1168,1152
8/30/2021 4:10,4747,1582,3750,1169,1152
8/30/2021 4:15,4766,1603,3762,1171,1152
8/30/2021 4:20,4764,1610,3733,1170,1152
8/30/2021 4:25,4791,1633,3724,1172,1148
8/30/2021 4:30,4817,1680,3728,1165,1151
8/30/2021 4:35,4849,1709,3676,1171,1147
8/30/2021 4:40,4848,1729,3656,1167,1152
8/30/2021 4:45,4871,1749,3668,1166,1145
8/30/2021 4:50,4858,1751,3692,1166,1145
8/30/2021 4:55,4876,1792,3781,1164,1148
8/30/2021 5:00,4938,1809,3785,1157,1147
8/30/2021 5:05,4996,1853,3951,1165,1152
8/30/2021 5:10,5032,1886,4016,1171,1152
8/30/2021 5:15,5054,1917,4065,1180,1147
8/30/2021 5:20,5080,1937,4027,1181,1152
8/30/2021 5:25,5086,1950,4046,1177,1152
8/30/2021 5:30,5115,1951,4040,1175,1147
8/30/2021 5:35,5145,1956,4050,1176,1152
8/30/2021 5:40,5192,1973,4054,1182,1152
8/30/2021 5:45,5186,1988,4057,1181,1151
8/30/2021 5:50,5217,1974,4070,1181,1148
8/30/2021 5:55,5236,1976,4221,1194,1152
8/30/2021 6:00,5097,2004,4269,1206,1152
8/30/2021 6:05,5195,2003,4501,1220,1152
8/30/2021 6:10,5219,2035,4652,1232,1152
8/30/2021 6:15,5258,2040,4735,1232,1152
8/30/2021 6:20,5307,2038,4785,1230,1146
8/30/2021 6:25,5332,2023,4845,1233,1150
8/30/2021 6:30,5349,2026,4853,1235,1152
8/30/2021 6:35,5362,2049,4849,1233,1148
8/30/2021 6:40,5381,2068,4818,1230,1152
8/30/2021 6:45,5420,2051,4823,1234,1146
8/30/2021 6:50,5421,2041,4814,1233,1154
8/30/2021 6:55,5407,2053,4871,1228,1149
8/30/2021 7:00,5469,2033,5001,1233,1154
8/30/2021 7:05,5482,2083,5185,1228,1154
8/30/2021 7:10,5525,2099,5298,1234,1152
8/30/2021 7:15,5528,2141,5333,1232,1152
8/30/2021 7:20,5591,2147,5311,1227,1146
8/30/2021 7:25,5565,2198,5283,1230,1152
8/30/2021 7:30,5580,2254,5267,1228,1150
8/30/2021 7:35,5606,2241,5207,1229,1144
8/30/2021 7:40,5614,2216,5315,1234,1152
8/30/2021 7:45,5619,2181,5331,1233,1152
8/30/2021 7:50,5644,2149,5386,1230,1151
8/30/2021 7:55,5647,2130,5458,1229,1150
8/30/2021 8:00,5666,2136,5460,1235,1149
8/30/2021 8:05,5691,2128,5626,1226,1146
8/30/2021 8:10,5705,2129,5718,1225,1149
8/30/2021 8:15,5724,2144,5667,1222,1146
8/30/2021 8:20,5735,2196,5623,1223,1149
8/30/2021 8:25,5749,2218,5661,1225,1148
8/30/2021 8:30,5748,2261,5709,1229,1148
8/30/2021 8:35,5729,2312,5644,1234,1143
8/30/2021 8:40,5794,2332,5633,1232,1143
8/30/2021 8:45,5777,2318,5704,1231,1143
8/30/2021 8:50,5799,2358,5706,1228,1149
8/30/2021 8:55,5833,2371,5659,1229,1148
8/30/2021 9:00,5835,2377,5673,1227,1149
8/30/2021 9:05,5821,2391,5695,1234,1147
8/30/2021 9:10,5857,2394,5679,1231,1146
8/30/2021 9:15,5878,2403,5668,1226,1142
8/30/2021 9:20,5865,2411,5631,1219,1145
8/30/2021 9:25,5876,2427,5689,1227,1146
8/30/2021 9:30,5902,2435,5651,1235,1144
8/30/2021 9:35,5899,2409,5681,1230,1140
8/30/2021 9:40,5912,2411,5695,1223,1146
8/30/2021 9:45,5931,2428,5660,1219,1140
8/30/2021 9:50,5943,2429,5647,1227,1141
8/30/2021 9:55,5956,2435,5694,1231,1146
8/30/2021 10:00,5951,2450,5656,1214,1140
8/30/2021 10:05,5955,2454,5648,1220,1144
8/30/2021 10:10,5924,2449,5627,1220,1145
8/30/2021 10:15,5952,2455,5635,1228,1145
8/30/2021 10:20,5988,2449,5653,1228,1143
8/30/2021 10:25,5977,2447,5721,1230,1145
8/30/2021 10:30,6000,2455,5716,1226,1138
8/30/2021 10:35,6020,2441,5723,1233,1138
8/30/2021 10:40,6030,2450,5694,1231,1135
8/30/2021 10:45,6043,2465,5723,1228,1141
8/30/2021 10:50,6063,2452,5719,1227,1137
8/30/2021 10:55,6056,2474,5726,1230,1142
8/30/2021 11:00,6049,2459,5780,1222,1142
8/30/2021 11:05,6060,2456,5851,1222,1137
8/30/2021 11:10,6090,2452,5933,1217,1137
8/30/2021 11:15,6088,2463,5882,1233,1141
8/30/2021 11:20,6091,2449,5883,1227,1140
8/30/2021 11:25,6090,2452,5935,1223,1136
8/30/2021 11:30,6088,2449,5909,1209,1141
8/30/2021 11:35,6078,2428,5880,1218,1136
8/30/2021 11:40,6136,2421,5911,1223,1140
8/30/2021 11:45,6117,2410,5951,1212,1140
8/30/2021 11:50,6090,2406,5975,1217,1139
8/30/2021 11:55,6091,2440,6071,1215,1136
8/30/2021 12:00,6079,2427,6241,1209,1140
8/30/2021 12:05,6093,2421,6395,1215,1135
8/30/2021 12:10,6119,2425,6502,1216,1140
8/30/2021 12:15,6084,2422,6556,1208,1140
8/30/2021 12:20,6132,2433,6550,1208,1140
8/30/2021 12:25,6129,2453,6591,1206,1138
8/30/2021 12:30,6167,2479,6568,1206,1135
8/30/2021 12:35,6127,2485,6538,1222,1135
8/30/2021 12:40,6169,2507,6588,1215,1139
8/30/2021 12:45,6169,2508,6568,1212,1139
8/30/2021 12:50,6145,2500,6576,1218,1140
8/30/2021 12:55,6131,2483,6593,1214,1140
8/30/2021 13:00,6101,2497,6633,1210,1140
8/30/2021 13:05,6092,2478,6729,1213,1140
8/30/2021 13:10,6125,2498,6769,1212,1135
8/30/2021 13:15,6122,2490,6793,1215,1136
8/30/2021 13:20,6131,2503,6851,1219,1141
8/30/2021 13:25,6117,2508,6875,1221,1137
8/30/2021 13:30,6133,2507,6904,1216,1141
8/30/2021 13:35,6118,2508,6855,1218,1139
8/30/2021 13:40,6117,2530,6858,1219,1137
8/30/2021 13:45,6127,2533,6829,1221,1140
8/30/2021 13:50,6152,2531,6880,1216,1134
8/30/2021 13:55,6153,2533,6839,1217,1143
8/30/2021 14:00,6101,2523,6817,1217,1142
8/30/2021 14:05,6190,2527,6775,1218,1142
8/30/2021 14:10,6171,2536,6760,1211,1135
8/30/2021 14:15,6167,2534,6730,1210,1136
8/30/2021 14:20,6206,2534,6777,1215,1137
8/30/2021 14:25,6190,2540,6750,1219,1141
8/30/2021 14:30,6225,2536,6792,1217,1137
8/30/2021 14:35,6189,2536,6742,1215,1142
8/30/2021 14:40,6134,2549,6728,1214,1143
8/30/2021 14:45,6111,2534,6786,1215,1141
8/30/2021 14:50,6083,2527,6723,1216,1140
8/30/2021 14:55,6202,2527,6858,1216,1135
8/30/2021 15:00,6171,2547,6859,1218,1140
8/30/2021 15:05,6230,2534,7081,1221,1137
8/30/2021 15:10,6210,2543,7156,1221,1141
8/30/2021 15:15,6240,2532,7173,1222,1141
8/30/2021 15:20,6141,2546,7132,1221,1140
8/30/2021 15:25,6133,2545,7175,1219,1141
8/30/2021 15:30,6100,2537,7177,1221,1136
8/30/2021 15:35,6103,2543,7199,1217,1135
8/30/2021 15:40,6122,2560,7198,1217,1140
8/30/2021 15:45,6169,2563,7233,1212,1134
8/30/2021 15:50,6245,2555,7269,1220,1134
8/30/2021 15:55,6139,2548,7174,1214,1135
8/30/2021 16:00,6158,2485,7157,1214,1138
8/30/2021 16:05,6161,2491,7194,1215,1139
8/30/2021 16:10,6186,2497,7118,1219,1140
8/30/2021 16:15,6261,2552,7099,1218,1131
8/30/2021 16:20,6269,2544,7125,1218,1135
8/30/2021 16:25,6281,2536,7121,1218,1138
8/30/2021 16:30,6240,2548,7066,1219,1138
8/30/2021 16:35,6280,2552,7049,1220,1138
8/30/2021 16:40,6308,2535,7065,1224,1139
8/30/2021 16:45,6320,2539,7120,1221,1140
8/30/2021 16:50,6330,2536,7117,1220,1140
8/30/2021 16:55,6277,2536,7148,1217,1140
8/30/2021 17:00,6321,2536,7031,1216,1139
8/30/2021 17:05,6267,2549,7064,1220,1141
8/30/2021 17:10,6314,2542,7140,1215,1136
8/30/2021 17:15,6410,2544,7135,1217,1137
8/30/2021 17:20,6422,2571,7161,1215,1141
8/30/2021 17:25,6399,2564,7155,1213,1142
8/30/2021 17:30,6400,2568,7164,1211,1141
8/30/2021 17:35,6405,2577,7146,1214,1137
8/30/2021 17:40,6386,2570,7116,1212,1140
8/30/2021 17:45,6366,2574,7119,1212,1142
8/30/2021 17:50,6315,2565,7089,1210,1142
8/30/2021 17:55,6324,2569,7124,1213,1137
8/30/2021 18:00,6377,2561,7104,1209,1139
8/30/2021 18:05,6299,2563,7059,1210,1140
8/30/2021 18:10,6310,2557,7055,1212,1140
8/30/2021 18:15,6352,2560,7040,1211,1136
8/30/2021 18:20,6387,2550,7046,1216,1139
8/30/2021 18:25,6393,2551,7023,1215,1140
8/30/2021 18:30,6338,2564,7016,1210,1141
8/30/2021 18:35,6345,2545,7037,1204,1141
8/30/2021 18:40,6335,2535,7033,1202,1140
8/30/2021 18:45,6326,2533,7006,1209,1136
8/30/2021 18:50,6214,2537,6997,1205,1140
8/30/2021 18:55,6257,2548,6963,1218,1140
8/30/2021 19:00,6210,2546,6903,1215,1139
8/30/2021 19:05,6203,2563,6960,1213,1140
8/30/2021 19:10,6192,2562,6958,1211,1141
8/30/2021 19:15,6237,2557,6956,1221,1142
8/30/2021 19:20,6249,2564,6911,1211,1137
8/30/2021 19:25,6248,2579,6906,1211,1140
8/30/2021 19:30,6178,2591,6820,1216,1136
8/30/2021 19:35,6251,2609,6883,1210,1137
8/30/2021 19:40,6199,2597,6888,1219,1142
8/30/2021 19:45,6244,2606,6880,1215,1143
8/30/2021 19:50,6233,2608,6927,1210,1138
8/30/2021 19:55,6169,2609,6880,1208,1140
8/30/2021 20:00,6160,2595,6837,1198,1140
8/30/2021 20:05,6180,2535,6816,1192,1144
8/30/2021 20:10,6299,2527,6785,1177,1140
8/30/2021 20:15,6194,2520,6795,1174,1146
8/30/2021 20:20,6210,2524,6820,1180,1146
8/30/2021 20:25,6157,2534,6845,1178,1146
8/30/2021 20:30,6169,2531,6832,1175,1146
8/30/2021 20:35,6180,2522,6790,1177,1143
8/30/2021 20:40,6145,2523,6757,1181,1143
8/30/2021 20:45,6142,2508,6767,1180,1146
8/30/2021 20:50,6064,2509,6756,1182,1147
8/30/2021 20:55,6011,2509,6712,1181,1139
8/30/2021 21:00,5950,2495,6663,1176,1144
8/30/2021 21:05,5990,2519,6729,1142,1141
8/30/2021 21:10,6003,2553,6750,1143,1146
8/30/2021 21:15,5958,2554,6757,1144,1148
8/30/2021 21:20,5940,2557,6697,1142,1149
8/30/2021 21:25,5894,2545,6643,1143,1149
8/30/2021 21:30,5840,2548,6649,1143,1144
8/30/2021 21:35,5850,2552,6593,1141,1152
8/30/2021 21:40,5854,2548,6630,1142,1149
8/30/2021 21:45,5794,2538,6554,1141,1150
8/30/2021 21:50,5865,2532,6599,1139,1152
8/30/2021 21:55,5867,2539,6203,1140,1152
8/30/2021 22:00,5877,2547,5922,1138,1152
8/30/2021 22:05,5839,2558,5369,1137,1146
8/30/2021 22:10,5754,2548,4919,1133,1152
8/30/2021 22:15,5748,2539,4847,1129,1144
8/30/2021 22:20,5708,2544,4776,1121,1150
8/30/2021 22:25,5689,2552,4751,1122,1145
8/30/2021 22:30,5577,2558,4721,1122,1149
8/30/2021 22:35,5568,2556,4667,1124,1149
8/30/2021 22:40,5521,2549,4595,1120,1142
8/30/2021 22:45,5581,2531,4578,1121,1146
8/30/2021 22:50,5543,2538,4589,1120,1148
8/30/2021 22:55,5502,2549,4615,1121,1149
8/30/2021 23:00,5401,2551,4613,1120,1149
8/30/2021 23:05,5439,2540,4610,1121,1146
8/30/2021 23:10,5442,2487,4554,1125,1151
8/30/2021 23:15,5433,2467,4591,1129,1151
8/30/2021 23:20,5406,2473,4639,1142,1152
8/30/2021 23:25,5331,2472,4593,1149,1148
8/30/2021 23:30,5285,2489,4573,1150,1150
8/30/2021 23:35,5330,2502,4505,1167,1146
8/30/2021 23:40,5352,2497,4493,1173,1152
8/30/2021 23:45,5313,2476,4492,1169,1152
8/30/2021 23:50,5262,2472,4445,1165,1152
8/30/2021 23:55,5219,2474,4430,1146,1150
8/31/2021 0:00,5207,2475,4312,1130,1154
8/31/2021 0:05,5192,2487,4337,1106,1153
8/31/2021 0:10,5113,2494,4248,1088,1153
8/31/2021 0:15,5085,2481,4165,1094,1150
8/31/2021 0:20,5059,2477,4105,1091,1154
8/31/2021 0:25,5071,2448,4121,1096,1154
8/31/2021 0:30,5044,2428,4083,1092,1156
8/31/2021 0:35,5034,2408,4091,1092,1155
8/31/2021 0:40,4983,2407,4100,1094,1150
8/31/2021 0:45,5002,2404,4075,1092,1155
8/31/2021 0:50,4979,2419,4073,1090,1155
8/31/2021 0:55,5001,2420,4096,1098,1152
8/31/2021 1:00,5022,2443,4123,1092,1154
8/31/2021 1:05,5049,2433,4176,1093,1155
8/31/2021 1:10,5038,2436,4266,1097,1152
8/31/2021 1:15,5019,2430,4256,1100,1156
8/31/2021 1:20,5005,2432,4237,1098,1151
8/31/2021 1:25,5021,2434,4226,1097,1152
8/31/2021 1:30,4939,2449,4195,1097,1157
8/31/2021 1:35,4916,2436,4144,1097,1152
8/31/2021 1:40,4982,2414,4138,1103,1152
8/31/2021 1:45,4967,2410,4199,1099,1157
8/31/2021 1:50,4950,2399,4194,1096,1152
8/31/2021 1:55,4933,2396,4215,1098,1152
8/31/2021 2:00,4945,2391,4176,1097,1152
8/31/2021 2:05,4961,2375,4178,1096,1157
8/31/2021 2:10,4957,2359,4148,1094,1158
8/31/2021 2:15,4956,2365,4168,1095,1152
8/31/2021 2:20,4873,2375,4150,1093,1158
8/31/2021 2:25,4932,2367,4118,1095,1158
8/31/2021 2:30,4862,2358,4122,1093,1156
8/31/2021 2:35,4919,2361,4162,1095,1153
8/31/2021 2:40,4860,2344,4121,1095,1156
8/31/2021 2:45,4922,2347,4133,1098,1157
8/31/2021 2:50,4905,2333,4151,1098,1158
8/31/2021 2:55,4906,2306,4131,1099,1152
8/31/2021 3:00,4917,2301,4152,1091,1158
8/31/2021 3:05,4830,2284,4152,1100,1158
8/31/2021 3:10,4808,2272,4160,1101,1157
8/31/2021 3:15,4903,2269,4131,1094,1156
8/31/2021 3:20,4886,2269,4141,1087,1157
8/31/2021 3:25,4873,2257,4136,1100,1155
8/31/2021 3:30,4856,2276,4119,1094,1154
8/31/2021 3:35,4845,2277,4132,1096,1158
8/31/2021 3:40,4875,2277,4127,1088,1152
8/31/2021 3:45,4870,2263,4116,1091,1152
8/31/2021 3:50,4883,2262,4130,1095,1152
8/31/2021 3:55,4830,2270,4204,1090,1159
8/31/2021 4:00,4840,2251,4193,1091,1158
8/31/2021 4:05,4938,2224,4204,1096,1158
8/31/2021 4:10,4932,2206,4263,1095,1157
8/31/2021 4:15,4961,2183,4249,1098,1157
8/31/2021 4:20,4945,2148,4297,1099,1159
8/31/2021 4:25,4989,2130,4316,1100,1158
8/31/2021 4:30,4992,2103,4389,1100,1158
8/31/2021 4:35,5014,2107,4408,1100,1158
8/31/2021 4:40,5053,2105,4473,1099,1158
8/31/2021 4:45,4980,2106,4458,1094,1157
8/31/2021 4:50,4983,2092,4436,1096,1158
8/31/2021 4:55,5085,2089,4380,1098,1156
8/31/2021 5:00,5091,2066,4400,1095,1159
8/31/2021 5:05,5162,1996,4435,1096,1157
8/31/2021 5:10,5184,1975,4410,1099,1157
8/31/2021 5:15,5204,1985,4406,1105,1156
8/31/2021 5:20,5221,1966,4403,1103,1152
8/31/2021 5:25,5241,1942,4472,1105,1158
8/31/2021 5:30,5260,1929,4497,1100,1157
8/31/2021 5:35,5215,1926,4507,1104,1159
8/31/2021 5:40,5311,1922,4480,1110,1160
8/31/2021 5:45,5243,1939,4584,1109,1158
8/31/2021 5:50,5176,1948,4521,1109,1157
8/31/2021 5:55,5179,1943,4631,1111,1154
8/31/2021 6:00,5307,1951,5003,1113,1155
8/31/2021 6:05,5398,1951,5325,1125,1154
8/31/2021 6:10,5442,2009,5546,1134,1154
8/31/2021 6:15,5473,2023,5651,1127,1154
8/31/2021 6:20,5419,2000,5671,1126,1158
8/31/2021 6:25,5435,1962,5687,1132,1158
8/31/2021 6:30,5535,1966,5719,1137,1158
8/31/2021 6:35,5473,1972,5732,1135,1160
8/31/2021 6:40,5568,1947,5757,1138,1160
8/31/2021 6:45,5532,1967,5882,1132,1158
8/31/2021 6:50,5622,1961,5848,1135,1160
8/31/2021 6:55,5634,1928,5866,1137,1159
8/31/2021 7:00,5650,1909,5938,1136,1155
8/31/2021 7:05,5690,1896,6049,1133,1155
8/31/2021 7:10,5657,1879,6064,1132,1154
8/31/2021 7:15,5660,1860,6103,1134,1158
8/31/2021 7:20,5695,1875,6129,1131,1158
8/31/2021 7:25,5805,1886,6128,1136,1157
8/31/2021 7:30,5799,1881,6150,1139,1161
8/31/2021 7:35,5733,1871,6102,1131,1158
8/31/2021 7:40,5803,1860,6156,1125,1155
8/31/2021 7:45,5826,1830,6156,1124,1158
8/31/2021 7:50,5839,1793,6168,1130,1154
8/31/2021 7:55,5855,1794,6271,1146,1158
8/31/2021 8:00,5770,1841,6358,1169,1158
8/31/2021 8:05,5782,1859,6421,1183,1157
8/31/2021 8:10,5796,1865,6420,1200,1155
8/31/2021 8:15,5914,1904,6446,1199,1155
8/31/2021 8:20,5912,1922,6465,1200,1152
8/31/2021 8:25,5873,1924,6424,1204,1157
8/31/2021 8:30,5922,1924,6493,1204,1153
8/31/2021 8:35,5931,1927,6495,1206,1152
8/31/2021 8:40,5894,1932,6502,1205,1157
8/31/2021 8:45,5963,1925,6518,1204,1152
8/31/2021 8:50,5861,1909,6467,1205,1152
8/31/2021 8:55,5891,1895,6491,1211,1152
8/31/2021 9:00,5931,1892,6484,1220,1152
8/31/2021 9:05,5954,1882,6475,1225,1152
8/31/2021 9:10,5981,1897,6522,1225,1155
8/31/2021 9:15,6036,1910,6492,1221,1155
8/31/2021 9:20,5980,1938,6493,1222,1154
8/31/2021 9:25,5993,1934,6470,1226,1150
8/31/2021 9:30,5999,1947,6472,1225,1154
8/31/2021 9:35,6002,1932,6504,1223,1152
8/31/2021 9:40,5905,1888,6496,1223,1152
8/31/2021 9:45,5894,1885,6488,1228,1155
8/31/2021 9:50,5957,1873,6458,1228,1152
8/31/2021 9:55,5986,1835,6465,1225,1155
8/31/2021 10:00,5893,1836,6506,1226,1154
8/31/2021 10:05,5968,1825,6557,1224,1149
8/31/2021 10:10,5931,1799,6515,1224,1152
8/31/2021 10:15,5975,1756,6535,1219,1153
8/31/2021 10:20,5990,1741,6470,1221,1155
8/31/2021 10:25,5882,1725,6465,1220,1153
8/31/2021 10:30,5912,1729,6530,1212,1155
8/31/2021 10:35,5958,1719,6530,1218,1149
8/31/2021 10:40,5952,1724,6560,1218,1154
8/31/2021 10:45,5999,1731,6554,1220,1152
8/31/2021 10:50,5910,1772,6610,1220,1153
8/31/2021 10:55,5975,1737,6535,1217,1153
8/31/2021 11:00,5990,1748,6572,1206,1152
8/31/2021 11:05,6021,1743,6663,1201,1152
8/31/2021 11:10,6017,1727,6709,1193,1152
8/31/2021 11:15,6012,1693,6729,1192,1152
8/31/2021 11:20,5950,1644,6739,1196,1153
8/31/2021 11:25,5947,1595,6732,1194,1149
8/31/2021 11:30,5921,1595,6745,1191,1152
8/31/2021 11:35,5931,1539,6759,1195,1149
8/31/2021 11:40,5932,1507,6798,1193,1150
8/31/2021 11:45,5959,1494,6794,1193,1147
8/31/2021 11:50,5956,1506,6842,1196,1152
8/31/2021 11:55,6030,1542,6799,1205,1146
8/31/2021 12:00,6002,1506,6878,1213,1148
8/31/2021 12:05,6035,1543,6873,1217,1152
8/31/2021 12:10,6066,1518,6770,1220,1152
8/31/2021 12:15,6043,1598,6750,1215,1152
8/31/2021 12:20,6095,1606,6760,1230,1152
8/31/2021 12:25,6045,1626,6772,1225,1152
8/31/2021 12:30,5961,1562,6775,1220,1152
8/31/2021 12:35,5955,1637,6733,1220,1149
8/31/2021 12:40,5991,1624,6663,1217,1152
8/31/2021 12:45,6072,1585,6760,1222,1150
8/31/2021 12:50,6052,1537,6783,1220,1152
8/31/2021 12:55,5989,1557,7018,1221,1146
8/31/2021 13:00,6055,1546,6938,1221,1147
8/31/2021 13:05,6081,1541,7053,1226,1150
8/31/2021 13:10,6043,1543,7166,1220,1152
8/31/2021 13:15,6079,1550,7116,1209,1152
8/31/2021 13:20,5997,1558,7150,1214,1150
8/31/2021 13:25,5995,1561,7230,1209,1149
8/31/2021 13:30,5963,1553,7170,1204,1152
8/31/2021 13:35,6008,1586,7260,1209,1150
8/31/2021 13:40,6042,1586,7265,1210,1149
8/31/2021 13:45,6025,1555,7311,1205,1152
8/31/2021 13:50,6050,1588,7367,1202,1152
8/31/2021 13:55,6032,1619,7295,1207,1146
8/31/2021 14:00,6040,1599,7199,1206,1150
8/31/2021 14:05,6059,1649,7217,1201,1150
8/31/2021 14:10,5981,1657,7235,1208,1152
8/31/2021 14:15,5976,1644,7177,1210,1152
8/31/2021 14:20,6050,1633,7101,1208,1151
8/31/2021 14:25,6042,1634,7110,1211,1145
8/31/2021 14:30,6094,1665,7174,1210,1149
8/31/2021 14:35,5960,1659,7118,1215,1152
8/31/2021 14:40,6062,1671,7165,1218,1152
8/31/2021 14:45,6054,1635,7140,1216,1152
8/31/2021 14:50,6112,1659,7131,1213,1150
8/31/2021 14:55,6050,1655,7173,1209,1144
8/31/2021 15:00,6012,1615,7229,1209,1149
8/31/2021 15:05,6081,1641,7246,1206,1149
8/31/2021 15:10,6077,1616,7320,1211,1152
8/31/2021 15:15,6013,1633,7302,1207,1144
8/31/2021 15:20,6088,1621,7371,1202,1149
8/31/2021 15:25,6056,1619,7293,1210,1150
8/31/2021 15:30,6077,1600,7386,1213,1152
8/31/2021 15:35,6084,1620,7461,1208,1143
8/31/2021 15:40,6082,1657,7496,1211,1152
8/31/2021 15:45,6094,1645,7438,1214,1145
8/31/2021 15:50,6090,1642,7434,1207,1152
8/31/2021 15:55,6098,1652,7428,1212,1150
8/31/2021 16:00,6054,1683,7302,1214,1152
8/31/2021 16:05,6005,1704,7267,1215,1152
8/31/2021 16:10,6073,1690,7299,1216,1146
8/31/2021 16:15,6045,1643,7273,1213,1151
8/31/2021 16:20,6125,1680,7300,1213,1151
8/31/2021 16:25,6079,1699,7256,1213,1152
8/31/2021 16:30,6138,1664,7312,1213,1152
8/31/2021 16:35,6138,1705,7331,1213,1146
8/31/2021 16:40,6148,1645,7340,1210,1152
8/31/2021 16:45,6153,1662,7420,1210,1150
8/31/2021 16:50,6086,1681,7387,1210,1150
8/31/2021 16:55,6114,1745,7422,1214,1150
8/31/2021 17:00,6173,1760,7457,1215,1144
8/31/2021 17:05,6039,1751,7379,1208,1148
8/31/2021 17:10,6085,1768,7368,1206,1149
8/31/2021 17:15,6120,1818,7324,1206,1149
8/31/2021 17:20,6230,1807,7340,1209,1152
8/31/2021 17:25,6166,1880,7295,1204,1146
8/31/2021 17:30,6194,1916,7245,1205,1150
8/31/2021 17:35,6237,1933,7281,1207,1149
8/31/2021 17:40,6231,1950,7295,1213,1145
8/31/2021 17:45,6233,1965,7283,1211,1149
8/31/2021 17:50,6238,1946,7314,1213,1146
8/31/2021 17:55,6196,1961,7337,1214,1147
8/31/2021 18:00,6174,1979,7392,1208,1146
8/31/2021 18:05,6219,1980,7356,1201,1152
8/31/2021 18:10,6169,1966,7402,1207,1152
8/31/2021 18:15,6170,1953,7398,1207,1152
8/31/2021 18:20,6206,1964,7440,1209,1149
8/31/2021 18:25,6236,1957,7459,1208,1144
8/31/2021 18:30,6208,1947,7493,1202,1142
8/31/2021 18:35,6257,1961,7522,1205,1146
8/31/2021 18:40,6222,1943,7539,1212,1146
8/31/2021 18:45,6265,1957,7547,1206,1146
8/31/2021 18:50,6257,1970,7527,1215,1145
8/31/2021 18:55,6252,1965,7552,1214,1140
8/31/2021 19:00,6178,1942,7489,1212,1144
8/31/2021 19:05,6167,1917,7529,1212,1143
8/31/2021 19:10,6207,1909,7552,1210,1139
8/31/2021 19:15,6138,1911,7396,1210,1146
8/31/2021 19:20,6134,1934,7446,1209,1140
8/31/2021 19:25,6194,1934,7439,1213,1144
8/31/2021 19:30,6190,1936,7447,1212,1146
8/31/2021 19:35,6137,1928,7437,1202,1146
8/31/2021 19:40,6194,1908,7478,1216,1142
8/31/2021 19:45,6205,1910,7439,1222,1142
8/31/2021 19:50,6221,1877,7503,1212,1146
8/31/2021 19:55,6235,1857,7651,1188,1146
8/31/2021 20:00,6182,1833,7651,1153,1140
8/31/2021 20:05,6211,1791,7778,1133,1141
8/31/2021 20:10,6310,1743,7819,1116,1140
8/31/2021 20:15,6181,1708,7952,910,1142
8/31/2021 20:20,6207,1669,8133,759,1149
8/31/2021 20:25,6266,1645,8252,645,1147
8/31/2021 20:30,6277,1633,8295,650,1147
8/31/2021 20:35,6136,1593,8300,676,1143
8/31/2021 20:40,6239,1559,8311,720,1141
8/31/2021 20:45,6197,1568,8222,786,1144
8/31/2021 20:50,6181,1520,8280,665,1147
8/31/2021 20:55,6138,1461,8308,591,1147
8/31/2021 21:00,6125,1445,8186,587,1143
8/31/2021 21:05,6103,1426,8208,590,1148
8/31/2021 21:10,6051,1388,8089,590,1143
8/31/2021 21:15,5955,1346,8058,590,1149
8/31/2021 21:20,5947,1304,7991,591,1142
8/31/2021 21:25,5966,1175,7797,593,1147
8/31/2021 21:30,5950,1130,7215,594,1148
8/31/2021 21:35,5993,1073,7333,593,1143
8/31/2021 21:40,6035,1042,7332,589,1143
8/31/2021 21:45,6095,1011,7441,592,1147
8/31/2021 21:50,6114,967,7460,589,1147
8/31/2021 21:55,6153,914,7400,593,1144
8/31/2021 22:00,6086,870,7034,591,1147
8/31/2021 22:05,5943,859,6631,591,1148
8/31/2021 22:10,5918,882,6193,617,1146
8/31/2021 22:15,5882,910,5960,612,1146
8/31/2021 22:20,5929,874,6000,609,1141
8/31/2021 22:25,5907,844,5933,609,1143
8/31/2021 22:30,5793,815,5951,607,1143
8/31/2021 22:35,5860,789,5948,609,1144
8/31/2021 22:40,5823,768,5936,610,1149
8/31/2021 22:45,5776,747,5950,610,1149
8/31/2021 22:50,5759,729,5939,610,1144
8/31/2021 22:55,5636,709,5869,613,1148
8/31/2021 23:00,5694,696,5748,611,1145
8/31/2021 23:05,5638,691,5578,612,1152
8/31/2021 23:10,5542,665,5543,614,1149
8/31/2021 23:15,5560,627,5508,613,1150
8/31/2021 23:20,5554,621,5482,616,1149
8/31/2021 23:25,5557,615,5512,611,1152
8/31/2021 23:30,5443,597,5480,611,1150
8/31/2021 23:35,5410,578,5435,610,1150
8/31/2021 23:40,5385,556,5410,606,1152
8/31/2021 23:45,5437,527,5444,580,1151
8/31/2021 23:50,5432,488,5455,586,1147
8/31/2021 23:55,5411,448,5515,585,1150
9/1/2021 0:00,5365,438,5599,582,1152
9/1/2021 0:05,5284,430,5636,586,1150
9/1/2021 0:10,5259,413,5680,586,1152
9/1/2021 0:15,5224,400,5666,583,1147
9/1/2021 0:20,5251,396,5675,581,1148
9/1/2021 0:25,5221,384,5622,585,1147
9/1/2021 0:30,5287,385,5659,582,1153
9/1/2021 0:35,5251,389,5696,585,1147
9/1/2021 0:40,5281,395,5723,585,1152
9/1/2021 0:45,5252,408,5696,584,1152
9/1/2021 0:50,5236,411,5696,584,1152
9/1/2021 0:55,5239,426,5587,584,1152
9/1/2021 1:00,5198,443,5494,615,1147
9/1/2021 1:05,5093,438,5282,615,1147
9/1/2021 1:10,5098,442,5150,615,1152
9/1/2021 1:15,5085,457,5094,615,1153
9/1/2021 1:20,5151,462,5087,615,1152
9/1/2021 1:25,5135,475,5063,615,1150
9/1/2021 1:30,5157,498,5041,616,1148
9/1/2021 1:35,5061,507,5009,616,1146
9/1/2021 1:40,5055,494,5007,618,1152
9/1/2021 1:45,5128,504,5008,618,1151
9/1/2021 1:50,5093,497,4952,635,1152
9/1/2021 1:55,5101,496,4980,669,1152
9/1/2021 2:00,5033,478,4931,717,1148
9/1/2021 2:05,5032,469,4914,742,1153
9/1/2021 2:10,5002,471,4881,758,1153
9/1/2021 2:15,4996,457,4917,758,1152
9/1/2021 2:20,5071,445,4905,769,1152
9/1/2021 2:25,5013,441,4899,767,1152
9/1/2021 2:30,4985,431,4913,771,1148
9/1/2021 2:35,4984,435,4911,770,1149
9/1/2021 2:40,4992,424,4904,802,1153
9/1/2021 2:45,4980,431,4885,804,1149
9/1/2021 2:50,5034,428,4906,824,1153
9/1/2021 2:55,5051,421,4854,831,1154
9/1/2021 3:00,5083,426,4864,890,1151
9/1/2021 3:05,5039,424,4729,969,1155
9/1/2021 3:10,5040,426,4620,984,1152
9/1/2021 3:15,5071,425,4599,978,1152
9/1/2021 3:20,5059,405,4593,983,1157
9/1/2021 3:25,4984,405,4570,987,1156
9/1/2021 3:30,4992,413,4494,995,1158
9/1/2021 3:35,4975,409,4527,986,1155
9/1/2021 3:40,5009,412,4533,990,1158
9/1/2021 3:45,5031,414,4533,996,1157
9/1/2021 3:50,5038,406,4547,993,1157
9/1/2021 3:55,5090,412,4561,993,1157
9/1/2021 4:00,5043,410,4659,1013,1152
9/1/2021 4:05,5150,399,4760,1052,1153
9/1/2021 4:10,5140,386,4778,1087,1158
9/1/2021 4:15,5110,377,4777,1093,1158
9/1/2021 4:20,5089,364,4784,1095,1153
9/1/2021 4:25,5115,355,4752,1106,1154
9/1/2021 4:30,5131,343,4740,1115,1158
9/1/2021 4:35,5129,324,4770,1111,1156
9/1/2021 4:40,5152,321,4792,1110,1159
9/1/2021 4:45,5175,323,4815,1113,1153
9/1/2021 4:50,5210,323,4827,1111,1158
9/1/2021 4:55,5287,306,4947,1108,1159
9/1/2021 5:00,5344,286,5080,1110,1153
9/1/2021 5:05,5417,279,5218,1105,1155
9/1/2021 5:10,5388,282,5330,1105,1158
9/1/2021 5:15,5471,300,5355,1111,1153
9/1/2021 5:20,5442,305,5366,1110,1155
9/1/2021 5:25,5579,311,5348,1109,1158
9/1/2021 5:30,5599,321,5356,1114,1157
9/1/2021 5:35,5646,330,5466,1114,1154
9/1/2021 5:40,5645,335,5431,1112,1157
9/1/2021 5:45,5725,323,5444,1113,1158
9/1/2021 5:50,5729,318,5509,1120,1159
9/1/2021 5:55,5749,308,5849,1139,1154
9/1/2021 6:00,5736,302,6247,1146,1152
9/1/2021 6:05,5856,285,6649,1164,1157
9/1/2021 6:10,5925,275,7083,1181,1153
9/1/2021 6:15,5960,266,7218,1180,1157
9/1/2021 6:20,6027,259,7236,1181,1154
9/1/2021 6:25,6032,250,7260,1180,1159
9/1/2021 6:30,6051,245,7255,1177,1159
9/1/2021 6:35,6146,238,7380,1180,1160
9/1/2021 6:40,6099,230,7434,1179,1159
9/1/2021 6:45,6192,224,7474,1179,1160
9/1/2021 6:50,6163,207,7481,1177,1158
9/1/2021 6:55,6241,201,7679,1180,1158
9/1/2021 7:00,6260,191,7538,1176,1159
9/1/2021 7:05,6334,190,7676,1181,1159
9/1/2021 7:10,6379,182,7686,1178,1153
9/1/2021 7:15,6323,173,7767,1180,1160
9/1/2021 7:20,6345,159,7744,1180,1160
9/1/2021 7:25,6349,149,7757,1180,1160
9/1/2021 7:30,6341,141,7717,1180,1153
9/1/2021 7:35,6323,137,7676,1177,1159
9/1/2021 7:40,6348,131,7680,1178,1160
9/1/2021 7:45,6392,129,7678,1179,1158
9/1/2021 7:50,6404,125,7709,1179,1153
9/1/2021 7:55,6373,125,7742,1177,1158
9/1/2021 8:00,6425,129,7744,1176,1156
9/1/2021 8:05,6420,119,7768,1178,1158
9/1/2021 8:10,6417,115,7757,1179,1158
9/1/2021 8:15,6431,116,7780,1175,1156
9/1/2021 8:20,6326,120,7799,1176,1157
9/1/2021 8:25,6340,122,7756,1173,1157
9/1/2021 8:30,6347,119,7761,1169,1158
9/1/2021 8:35,6296,118,7744,1172,1154
9/1/2021 8:40,6351,115,7762,1174,1156
9/1/2021 8:45,6288,112,7725,1169,1156
9/1/2021 8:50,6325,110,7777,1172,1152
9/1/2021 8:55,6297,102,7770,1172,1155
9/1/2021 9:00,6339,98,7568,1170,1157
9/1/2021 9:05,6374,101,7567,1168,1152
9/1/2021 9:10,6365,91,7541,1168,1152
9/1/2021 9:15,6356,78,7485,1166,1158
9/1/2021 9:20,6330,77,7481,1163,1157
9/1/2021 9:25,6308,65,7484,1166,1156
9/1/2021 9:30,6301,62,7509,1166,1152
9/1/2021 9:35,6244,56,7476,1169,1154
9/1/2021 9:40,6243,52,7500,1169,1155
9/1/2021 9:45,6237,50,7485,1169,1152
9/1/2021 9:50,6239,46,7469,1167,1157
9/1/2021 9:55,6231,40,7456,1164,1152
9/1/2021 10:00,6258,35,7367,1164,1154
9/1/2021 10:05,6229,34,7284,1166,1156
9/1/2021 10:10,6241,33,7262,1164,1154
9/1/2021 10:15,6290,34,7278,1164,1154
9/1/2021 10:20,6219,35,7287,1162,1152
9/1/2021 10:25,6288,31,7270,1163,1155
9/1/2021 10:30,6213,31,7264,1160,1152
9/1/2021 10:35,6289,27,7290,1158,1155
9/1/2021 10:40,6243,28,7193,1159,1154
9/1/2021 10:45,6237,27,7219,1158,1155
9/1/2021 10:50,6284,27,7206,1156,1150
9/1/2021 10:55,6278,28,7260,1161,1152
9/1/2021 11:00,6302,28,7271,1160,1153
9/1/2021 11:05,6204,34,7172,1157,1153
9/1/2021 11:10,6285,30,7098,1159,1150
9/1/2021 11:15,6292,34,7142,1164,1149
9/1/2021 11:20,6278,35,7160,1160,1153
9/1/2021 11:25,6289,34,7136,1158,1148
9/1/2021 11:30,6264,36,7102,1174,1154
9/1/2021 11:35,6218,36,7091,1179,1153
9/1/2021 11:40,6194,40,7080,1181,1152
9/1/2021 11:45,6293,39,7106,1171,1152
9/1/2021 11:50,6252,44,7126,1172,1149
9/1/2021 11:55,6292,48,7121,1171,1153
9/1/2021 12:00,6185,51,7067,1171,1149
9/1/2021 12:05,6259,56,7078,1175,1153
9/1/2021 12:10,6265,63,7147,1170,1152
9/1/2021 12:15,6287,71,7226,1175,1149
9/1/2021 12:20,6280,72,7205,1167,1152
9/1/2021 12:25,6199,79,7229,1161,1148
9/1/2021 12:30,6192,82,7173,1162,1152
9/1/2021 12:35,6211,85,7181,1161,1152
9/1/2021 12:40,6197,97,7213,1164,1147
9/1/2021 12:45,6277,93,7266,1158,1146
9/1/2021 12:50,6303,99,7219,1156,1150
9/1/2021 12:55,6282,96,7223,1163,1149
9/1/2021 13:00,6265,113,7337,1164,1150
9/1/2021 13:05,6241,110,7435,1153,1146
9/1/2021 13:10,6324,115,7492,1158,1147
9/1/2021 13:15,6293,119,7469,1163,1152
9/1/2021 13:20,6289,125,7448,1164,1152
9/1/2021 13:25,6232,134,7440,1158,1146
9/1/2021 13:30,6207,126,7466,1153,1152
9/1/2021 13:35,6192,123,7406,1159,1146
9/1/2021 13:40,6185,134,7424,1158,1146
9/1/2021 13:45,6205,132,7405,1160,1152
9/1/2021 13:50,6272,131,7482,1158,1145
9/1/2021 13:55,6294,142,7543,1161,1150
9/1/2021 14:00,6256,140,7490,1152,1146
9/1/2021 14:05,6295,148,7342,1159,1149
9/1/2021 14:10,6303,162,7364,1156,1144
9/1/2021 14:15,6318,154,7516,1153,1146
9/1/2021 14:20,6324,157,7584,1159,1150
9/1/2021 14:25,6252,159,7596,1164,1149
9/1/2021 14:30,6247,180,7589,1158,1145
9/1/2021 14:35,6252,156,7438,1161,1149
9/1/2021 14:40,6285,175,7454,1161,1150
9/1/2021 14:45,6289,162,7464,1165,1149
9/1/2021 14:50,6339,165,7513,1162,1150
9/1/2021 14:55,6368,178,7512,1155,1149
9/1/2021 15:00,6311,165,7669,1163,1150
9/1/2021 15:05,6266,169,7712,1168,1144
9/1/2021 15:10,6336,161,7783,1161,1149
9/1/2021 15:15,6364,155,7795,1165,1144
9/1/2021 15:20,6390,162,7799,1157,1148
9/1/2021 15:25,6419,159,7812,1156,1149
9/1/2021 15:30,6374,165,7766,1168,1149
9/1/2021 15:35,6418,159,7885,1164,1142
9/1/2021 15:40,6331,168,7871,1167,1148
9/1/2021 15:45,6329,177,7885,1165,1146
9/1/2021 15:50,6445,163,7909,1160,1148
9/1/2021 15:55,6477,170,7991,1159,1147
9/1/2021 16:00,6453,177,7935,1168,1148
9/1/2021 16:05,6449,176,7898,1168,1143
9/1/2021 16:10,6463,176,7903,1162,1143
9/1/2021 16:15,6473,174,7976,1163,1147
9/1/2021 16:20,6479,179,7896,1170,1142
9/1/2021 16:25,6424,178,7934,1170,1144
9/1/2021 16:30,6442,167,7982,1174,1147
9/1/2021 16:35,6465,169,7954,1177,1147
9/1/2021 16:40,6454,188,7928,1168,1146
9/1/2021 16:45,6530,174,8005,1167,1147
9/1/2021 16:50,6568,180,8035,1171,1143
9/1/2021 16:55,6520,178,8052,1167,1149
9/1/2021 17:00,6566,184,8137,1161,1147
9/1/2021 17:05,6597,178,8190,1166,1147
9/1/2021 17:10,6625,181,8229,1175,1148
9/1/2021 17:15,6629,183,8275,1168,1147
9/1/2021 17:20,6559,179,8286,1168,1147
9/1/2021 17:25,6578,185,8302,1162,1146
9/1/2021 17:30,6593,186,8324,1175,1148
9/1/2021 17:35,6585,175,8365,1171,1144
9/1/2021 17:40,6611,170,8340,1170,1147
9/1/2021 17:45,6689,178,8456,1167,1144
9/1/2021 17:50,6730,168,8495,1164,1144
9/1/2021 17:55,6702,172,8471,1168,1148
9/1/2021 18:00,6684,166,8405,1173,1144
9/1/2021 18:05,6678,165,8471,1171,1146
9/1/2021 18:10,6712,159,8496,1167,1148
9/1/2021 18:15,6706,163,8510,1170,1145
9/1/2021 18:20,6651,151,8515,1173,1145
9/1/2021 18:25,6644,151,8517,1165,1147
9/1/2021 18:30,6644,148,8419,1171,1146
9/1/2021 18:35,6644,148,8414,1171,1149
9/1/2021 18:40,6683,133,8438,1168,1149
9/1/2021 18:45,6638,126,8432,1168,1148
9/1/2021 18:50,6699,122,8443,1167,1149
9/1/2021 18:55,6685,119,8441,1169,1148
9/1/2021 19:00,6696,114,8381,1170,1148
9/1/2021 19:05,6697,109,8438,1168,1144
9/1/2021 19:10,6685,107,8416,1169,1149
9/1/2021 19:15,6576,103,8397,1170,1143
9/1/2021 19:20,6657,99,8369,1167,1149
9/1/2021 19:25,6600,94,8362,1169,1150
9/1/2021 19:30,6571,91,8331,1168,1145
9/1/2021 19:35,6665,87,8362,1167,1150
9/1/2021 19:40,6672,82,8364,1171,1149
9/1/2021 19:45,6689,75,8351,1171,1146
9/1/2021 19:50,6681,71,8407,1170,1149
9/1/2021 19:55,6668,69,8402,1180,1150
9/1/2021 20:00,6694,68,8324,1190,1150
9/1/2021 20:05,6670,66,8256,1200,1152
9/1/2021 20:10,6552,64,8263,1210,1152
9/1/2021 20:15,6579,62,8226,1213,1152
9/1/2021 20:20,6590,62,8158,1212,1146
9/1/2021 20:25,6580,64,8112,1210,1147
9/1/2021 20:30,6599,64,8121,1209,1146
9/1/2021 20:35,6595,63,8122,1210,1152
9/1/2021 20:40,6558,62,8089,1205,1146
9/1/2021 20:45,6554,59,8108,1200,1146
9/1/2021 20:50,6559,57,8122,1191,1152
9/1/2021 20:55,6530,55,8133,1214,1151
9/1/2021 21:00,6486,51,8096,1215,1147
9/1/2021 21:05,6353,49,8054,1223,1152
9/1/2021 21:10,6343,45,8022,1214,1147
9/1/2021 21:15,6312,42,7973,1216,1152
9/1/2021 21:20,6346,38,8024,1215,1149
9/1/2021 21:25,6324,33,8003,1216,1149
9/1/2021 21:30,6298,32,7967,1219,1152
9/1/2021 21:35,6254,31,7906,1224,1149
9/1/2021 21:40,6220,30,7920,1223,1153
9/1/2021 21:45,6167,30,7928,1218,1152
9/1/2021 21:50,6175,30,7826,1212,1155
9/1/2021 21:55,6050,31,7411,1204,1154
9/1/2021 22:00,6073,31,7112,1215,1152
9/1/2021 22:05,5938,30,6815,1217,1154
9/1/2021 22:10,5929,28,6437,1215,1153
9/1/2021 22:15,5986,24,6255,1209,1152
9/1/2021 22:20,5942,23,6217,1207,1153
9/1/2021 22:25,5879,22,6223,1206,1153
9/1/2021 22:30,5866,20,6186,1204,1153
9/1/2021 22:35,5823,17,6159,1207,1153
9/1/2021 22:40,5815,14,6203,1208,1153
9/1/2021 22:45,5750,11,6147,1208,1154
9/1/2021 22:50,5640,8,6035,1210,1149
9/1/2021 22:55,5621,6,5913,1206,1149
9/1/2021 23:00,5603,5,5820,1206,1149
9/1/2021 23:05,5574,4,5774,1210,1149
9/1/2021 23:10,5566,4,5638,1207,1152
9/1/2021 23:15,5529,5,5501,1207,1152
9/1/2021 23:20,5493,5,5443,1207,1148
9/1/2021 23:25,5546,5,5427,1209,1152
9/1/2021 23:30,5417,6,5434,1212,1149
9/1/2021 23:35,5407,8,5423,1211,1152
9/1/2021 23:40,5465,8,5457,1209,1149
9/1/2021 23:45,5433,7,5410,1207,1152
9/1/2021 23:50,5431,7,5402,1203,1155
9/1/2021 23:55,5330,9,5186,1178,1154
9/2/2021 0:00,5256,9,4882,1151,1152
9/2/2021 0:05,5327,9,4733,1131,1153
9/2/2021 0:10,5255,9,4561,1106,1152
9/2/2021 0:15,5278,10,4497,1106,1154
9/2/2021 0:20,5275,10,4453,1104,1154
9/2/2021 0:25,5219,9,4433,1106,1149
9/2/2021 0:30,5218,10,4429,1106,1154
9/2/2021 0:35,5232,9,4447,1109,1152
9/2/2021 0:40,5196,10,4444,1107,1155
9/2/2021 0:45,5210,10,4393,1104,1155
9/2/2021 0:50,5131,11,4368,1107,1154
9/2/2021 0:55,5147,14,4302,1107,1155
9/2/2021 1:00,5143,15,4295,1105,1152
9/2/2021 1:05,5169,17,4289,1105,1156
9/2/2021 1:10,5074,20,4267,1110,1157
9/2/2021 1:15,5073,24,4221,1107,1152
9/2/2021 1:20,5095,31,4230,1104,1152
9/2/2021 1:25,5108,33,4220,1105,1155
9/2/2021 1:30,5087,34,4213,1104,1157
9/2/2021 1:35,5085,37,4206,1105,1153
9/2/2021 1:40,5068,42,4158,1104,1152
9/2/2021 1:45,4968,44,4134,1103,1157
9/2/2021 1:50,4999,45,4151,1105,1157
9/2/2021 1:55,5068,46,4113,1107,1157
9/2/2021 2:00,5071,48,4121,1111,1152
9/2/2021 2:05,5057,49,4103,1109,1155
9/2/2021 2:10,5040,49,4088,1108,1152
9/2/2021 2:15,5027,51,4084,1108,1157
9/2/2021 2:20,5059,57,4080,1108,1152
9/2/2021 2:25,5042,58,4101,1108,1156
9/2/2021 2:30,5032,60,4074,1110,1152
9/2/2021 2:35,4974,65,4052,1107,1152
9/2/2021 2:40,4945,72,4026,1105,1155
9/2/2021 2:45,4953,83,4009,1103,1155
9/2/2021 2:50,5020,90,4023,1106,1154
9/2/2021 2:55,5012,95,4005,1106,1158
9/2/2021 3:00,5020,100,4014,1106,1155
9/2/2021 3:05,4994,98,4034,1105,1157
9/2/2021 3:10,5042,104,4019,1106,1158
9/2/2021 3:15,5045,101,4030,1106,1157
9/2/2021 3:20,5040,103,4024,1106,1152
9/2/2021 3:25,5000,101,4041,1106,1156
9/2/2021 3:30,4931,100,4004,1104,1157
9/2/2021 3:35,4941,101,4000,1105,1152
9/2/2021 3:40,5017,100,4013,1105,1152
9/2/2021 3:45,4956,96,4016,1106,1154
9/2/2021 3:50,5021,90,3992,1106,1158
9/2/2021 3:55,4977,90,4053,1104,1152
9/2/2021 4:00,5072,88,4110,1112,1158
9/2/2021 4:05,5055,85,4139,1116,1152
9/2/2021 4:10,5079,82,4230,1112,1157
9/2/2021 4:15,5073,82,4233,1109,1158
9/2/2021 4:20,5092,82,4257,1112,1152
9/2/2021 4:25,5018,83,4224,1106,1155
9/2/2021 4:30,5097,80,4252,1107,1157
9/2/2021 4:35,5135,82,4273,1110,1156
9/2/2021 4:40,5096,90,4264,1107,1152
9/2/2021 4:45,5155,92,4293,1109,1157
9/2/2021 4:50,5193,91,4280,1108,1155
9/2/2021 4:55,5211,91,4336,1108,1152
9/2/2021 5:00,5258,89,4427,1104,1159
9/2/2021 5:05,5238,91,4495,1106,1157
9/2/2021 5:10,5278,93,4545,1108,1152
9/2/2021 5:15,5378,92,4618,1110,1156
9/2/2021 5:20,5397,96,4662,1110,1152
9/2/2021 5:25,5430,97,4678,1113,1157
9/2/2021 5:30,5443,92,4707,1114,1157
9/2/2021 5:35,5476,89,4739,1117,1157
9/2/2021 5:40,5523,81,4826,1120,1156
9/2/2021 5:45,5532,77,4881,1120,1152
9/2/2021 5:50,5503,74,4919,1119,1153
9/2/2021 5:55,5528,70,5088,1135,1152
9/2/2021 6:00,5594,64,5478,1151,1157
9/2/2021 6:05,5696,61,5976,1164,1152
9/2/2021 6:10,5826,59,6290,1185,1156
9/2/2021 6:15,5859,59,6489,1184,1158
9/2/2021 6:20,5861,58,6514,1185,1153
9/2/2021 6:25,5901,56,6507,1189,1157
9/2/2021 6:30,5935,56,6520,1187,1158
9/2/2021 6:35,5942,62,6589,1187,1158
9/2/2021 6:40,5951,66,6588,1187,1155
9/2/2021 6:45,5925,69,6596,1193,1159
9/2/2021 6:50,5924,72,6560,1194,1154
9/2/2021 6:55,6045,74,6567,1191,1159
9/2/2021 7:00,6067,73,6754,1198,1153
9/2/2021 7:05,6095,72,6814,1198,1154
9/2/2021 7:10,6109,72,6936,1199,1157
9/2/2021 7:15,6135,73,6856,1199,1158
9/2/2021 7:20,6151,72,6924,1200,1153
9/2/2021 7:25,6164,69,6907,1200,1159
9/2/2021 7:30,6104,67,6784,1197,1158
9/2/2021 7:35,6088,63,6922,1197,1159
9/2/2021 7:40,6084,56,6985,1194,1159
9/2/2021 7:45,6182,55,6951,1188,1153
9/2/2021 7:50,6212,53,6921,1185,1155
9/2/2021 7:55,6100,50,6891,1197,1157
9/2/2021 8:00,6169,48,6828,1213,1152
9/2/2021 8:05,6232,45,6822,1216,1149
9/2/2021 8:10,6226,43,6726,1217,1152
9/2/2021 8:15,6221,42,6676,1217,1152
9/2/2021 8:20,6256,44,6679,1222,1154
9/2/2021 8:25,6220,46,6681,1220,1154
9/2/2021 8:30,6129,45,6658,1216,1151
9/2/2021 8:35,6228,46,6654,1216,1154
9/2/2021 8:40,6225,47,6657,1216,1154
9/2/2021 8:45,6138,48,6647,1214,1153
9/2/2021 8:50,6222,52,6686,1210,1149
9/2/2021 8:55,6217,55,6772,1207,1154
9/2/2021 9:00,6298,57,6760,1201,1149
9/2/2021 9:05,6239,59,6630,1194,1152
9/2/2021 9:10,6174,60,6630,1191,1149
9/2/2021 9:15,6161,61,6625,1190,1152
9/2/2021 9:20,6162,63,6637,1188,1148
9/2/2021 9:25,6205,62,6660,1188,1147
9/2/2021 9:30,6222,61,6650,1191,1148
9/2/2021 9:35,6234,58,6674,1182,1146
9/2/2021 9:40,6246,58,6657,1187,1152
9/2/2021 9:45,6228,53,6665,1186,1152
9/2/2021 9:50,6229,53,6679,1177,1152
9/2/2021 9:55,6201,51,6760,1179,1149
9/2/2021 10:00,6213,51,6696,1188,1146
9/2/2021 10:05,6159,46,6699,1182,1145
9/2/2021 10:10,6219,46,6713,1183,1145
9/2/2021 10:15,6211,48,6729,1186,1148
9/2/2021 10:20,6239,47,6711,1190,1149
9/2/2021 10:25,6221,48,6697,1188,1146
9/2/2021 10:30,6207,49,6700,1186,1149
9/2/2021 10:35,6235,55,6708,1184,1149
9/2/2021 10:40,6214,52,6682,1184,1143
9/2/2021 10:45,6149,57,6694,1180,1148
9/2/2021 10:50,6180,55,6700,1186,1143
9/2/2021 10:55,6185,60,6638,1186,1149
9/2/2021 11:00,6242,63,6584,1185,1147
9/2/2021 11:05,6200,69,6621,1182,1147
9/2/2021 11:10,6162,86,6580,1181,1147
9/2/2021 11:15,6221,87,6561,1176,1146
9/2/2021 11:20,6249,96,6542,1178,1148
9/2/2021 11:25,6229,101,6566,1180,1146
9/2/2021 11:30,6241,120,6575,1177,1148
9/2/2021 11:35,6244,126,6565,1179,1144
9/2/2021 11:40,6151,118,6582,1179,1149
9/2/2021 11:45,6257,125,6590,1178,1147
9/2/2021 11:50,6235,117,6525,1176,1148
9/2/2021 11:55,6278,129,6665,1174,1144
9/2/2021 12:00,6261,130,6629,1174,1143
9/2/2021 12:05,6274,127,6624,1175,1148
9/2/2021 12:10,6285,131,6630,1176,1142
9/2/2021 12:15,6320,136,6658,1174,1143
9/2/2021 12:20,6288,135,6618,1171,1147
9/2/2021 12:25,6222,130,6605,1168,1148
9/2/2021 12:30,6228,123,6632,1168,1141
9/2/2021 12:35,6246,132,6619,1170,1142
9/2/2021 12:40,6273,126,6607,1170,1147
9/2/2021 12:45,6264,128,6621,1164,1147
9/2/2021 12:50,6343,125,6644,1173,1142
9/2/2021 12:55,6356,123,6682,1177,1142
9/2/2021 13:00,6300,120,6697,1174,1144
9/2/2021 13:05,6335,121,6784,1165,1143
9/2/2021 13:10,6343,121,6831,1175,1144
9/2/2021 13:15,6352,118,6850,1175,1142
9/2/2021 13:20,6365,98,6860,1173,1146
9/2/2021 13:25,6391,93,6898,1165,1140
9/2/2021 13:30,6301,94,6884,1162,1140
9/2/2021 13:35,6299,88,6890,1167,1146
9/2/2021 13:40,6372,87,6951,1175,1146
9/2/2021 13:45,6348,87,6949,1178,1145
9/2/2021 13:50,6269,74,6931,1177,1144
9/2/2021 13:55,6365,72,6982,1178,1146
9/2/2021 14:00,6390,73,7066,1171,1144
9/2/2021 14:05,6373,78,7090,1167,1140
9/2/2021 14:10,6335,74,7129,1168,1140
9/2/2021 14:15,6323,76,7189,1176,1144
9/2/2021 14:20,6411,76,7104,1170,1138
9/2/2021 14:25,6337,89,7112,1175,1139
9/2/2021 14:30,6353,84,7047,1171,1143
9/2/2021 14:35,6353,90,7071,1167,1140
9/2/2021 14:40,6347,97,7108,1169,1140
9/2/2021 14:45,6362,87,7186,1173,1145
9/2/2021 14:50,6424,88,7205,1173,1144
9/2/2021 14:55,6451,87,7348,1169,1143
9/2/2021 15:00,6255,80,7322,1172,1142
9/2/2021 15:05,6175,77,7329,1168,1144
9/2/2021 15:10,6158,89,7355,1168,1143
9/2/2021 15:15,6130,92,7368,1166,1143
9/2/2021 15:20,6076,83,7355,1165,1143
9/2/2021 15:25,6131,93,7383,1167,1143
9/2/2021 15:30,6151,94,7368,1172,1145
9/2/2021 15:35,6074,81,7405,1168,1140
9/2/2021 15:40,6079,75,7399,1167,1141
9/2/2021 15:45,6211,74,7397,1168,1141
9/2/2021 15:50,6069,78,7359,1173,1144
9/2/2021 15:55,6142,66,7519,1171,1145
9/2/2021 16:00,6113,64,7495,1171,1138
9/2/2021 16:05,6199,63,7581,1166,1141
9/2/2021 16:10,6208,63,7595,1160,1144
9/2/2021 16:15,6247,57,7636,1161,1144
9/2/2021 16:20,6310,59,7690,1170,1140
9/2/2021 16:25,6294,54,7716,1167,1140
9/2/2021 16:30,6218,49,7695,1169,1143
9/2/2021 16:35,6236,47,7682,1173,1138
9/2/2021 16:40,6245,35,7699,1164,1143
9/2/2021 16:45,6314,37,7722,1162,1143
9/2/2021 16:50,6302,26,7726,1168,1144
9/2/2021 16:55,6344,26,7790,1168,1143
9/2/2021 17:00,6362,28,7849,1123,1144
9/2/2021 17:05,6338,29,7919,1123,1143
9/2/2021 17:10,6365,28,7958,1121,1144
9/2/2021 17:15,6406,29,8001,1124,1144
9/2/2021 17:20,6456,26,8065,1122,1146
9/2/2021 17:25,6409,28,8058,1123,1146
9/2/2021 17:30,6342,26,8042,1125,1146
9/2/2021 17:35,6332,26,8077,1126,1142
9/2/2021 17:40,6435,29,8087,1124,1146
9/2/2021 17:45,6458,32,8109,1125,1145
9/2/2021 17:50,6398,32,8099,1124,1147
9/2/2021 17:55,6452,37,8136,1126,1141
9/2/2021 18:00,6482,32,8198,1125,1147
9/2/2021 18:05,6474,34,8168,1126,1146
9/2/2021 18:10,6452,34,8281,1126,1146
9/2/2021 18:15,6482,34,8323,1124,1141
9/2/2021 18:20,6379,35,8309,1126,1146
9/2/2021 18:25,6392,33,8343,1124,1141
9/2/2021 18:30,6381,31,8324,1125,1142
9/2/2021 18:35,6431,30,8280,1124,1140
9/2/2021 18:40,6451,28,8323,1124,1145
9/2/2021 18:45,6436,36,8262,1124,1141
9/2/2021 18:50,6375,35,8258,1123,1139
9/2/2021 18:55,6403,38,8205,1129,1144
9/2/2021 19:00,6415,36,8190,1126,1140
9/2/2021 19:05,6403,42,8174,1123,1146
9/2/2021 19:10,6353,45,8113,1126,1140
9/2/2021 19:15,6288,52,8119,1125,1140
9/2/2021 19:20,6262,52,8088,1127,1140
9/2/2021 19:25,6305,57,8033,1127,1146
9/2/2021 19:30,6304,59,8061,1126,1146
9/2/2021 19:35,6332,58,8121,1126,1146
9/2/2021 19:40,6270,72,8135,1128,1140
9/2/2021 19:45,6369,76,8143,1129,1146
9/2/2021 19:50,6377,86,8119,1126,1145
9/2/2021 19:55,6361,86,8110,1132,1146
9/2/2021 20:00,6364,91,8033,1130,1146
9/2/2021 20:05,6314,97,7973,1131,1146
9/2/2021 20:10,6300,97,7875,1132,1140
9/2/2021 20:15,6291,103,7851,1134,1146
9/2/2021 20:20,6251,101,7826,1131,1148
9/2/2021 20:25,6296,108,7846,1130,1146
9/2/2021 20:30,6206,110,7770,1130,1148
9/2/2021 20:35,6193,113,7750,1131,1142
9/2/2021 20:40,6260,114,7760,1132,1148
9/2/2021 20:45,6165,116,7658,1130,1142
9/2/2021 20:50,6203,120,7697,1129,1146
9/2/2021 20:55,6202,120,7599,1131,1142
9/2/2021 21:00,6188,126,7485,1135,1147
9/2/2021 21:05,6138,122,7419,1134,1146
9/2/2021 21:10,6047,120,7327,1138,1142
9/2/2021 21:15,6041,123,7262,1136,1143
9/2/2021 21:20,6139,120,7217,1134,1147
9/2/2021 21:25,6116,121,7235,1135,1148
9/2/2021 21:30,6105,120,7187,1136,1142
9/2/2021 21:35,6075,119,7197,1138,1141
9/2/2021 21:40,6073,112,7230,1136,1146
9/2/2021 21:45,6064,104,7229,1135,1147
9/2/2021 21:50,6121,100,7215,1132,1142
9/2/2021 21:55,5995,95,6938,1116,1146
9/2/2021 22:00,6051,91,6660,1101,1144
9/2/2021 22:05,6001,89,6100,1081,1149
9/2/2021 22:10,5954,86,5710,1072,1144
9/2/2021 22:15,5938,88,5581,1065,1146
9/2/2021 22:20,5914,88,5614,1069,1143
9/2/2021 22:25,5918,91,5595,1066,1148
9/2/2021 22:30,5832,93,5542,1061,1144
9/2/2021 22:35,5880,95,5518,1062,1150
9/2/2021 22:40,5822,90,5480,1065,1149
9/2/2021 22:45,5808,82,5492,1064,1145
9/2/2021 22:50,5770,75,5479,1062,1152
9/2/2021 22:55,5745,69,5348,1063,1152
9/2/2021 23:00,5709,66,5247,1063,1152
9/2/2021 23:05,5579,63,5039,1063,1152
9/2/2021 23:10,5570,65,4876,1063,1147
9/2/2021 23:15,5580,61,4895,1064,1153
9/2/2021 23:20,5563,59,4902,1064,1151
9/2/2021 23:25,5569,59,4895,1064,1154
9/2/2021 23:30,5519,62,4810,1062,1153
9/2/2021 23:35,5495,62,4764,1061,1150
9/2/2021 23:40,5471,62,4794,1062,1152
9/2/2021 23:45,5435,63,4780,1063,1152
9/2/2021 23:50,5433,68,4800,1065,1152
9/2/2021 23:55,5316,67,4686,1067,1149
9/3/2021 0:00,5380,64,4632,1063,1154
9/3/2021 0:05,5322,65,4700,1068,1152
9/3/2021 0:10,5314,66,4688,1067,1154
9/3/2021 0:15,5276,64,4564,1065,1148
9/3/2021 0:20,5243,61,4534,1066,1149
9/3/2021 0:25,5255,61,4560,1067,1152
9/3/2021 0:30,5247,66,4545,1067,1150
9/3/2021 0:35,5247,69,4549,1065,1152
9/3/2021 0:40,5172,74,4471,1067,1150
9/3/2021 0:45,5118,75,4438,1066,1146
9/3/2021 0:50,5133,74,4433,1067,1146
9/3/2021 0:55,5186,77,4426,1069,1148
9/3/2021 1:00,5146,76,4441,1068,1152
9/3/2021 1:05,5100,70,4398,1067,1148
9/3/2021 1:10,5123,67,4328,1066,1152
9/3/2021 1:15,5149,66,4361,1067,1146
9/3/2021 1:20,5142,66,4338,1065,1149
9/3/2021 1:25,5112,65,4342,1067,1154
9/3/2021 1:30,5034,65,4289,1068,1148
9/3/2021 1:35,5016,63,4287,1068,1152
9/3/2021 1:40,5078,61,4278,1066,1149
9/3/2021 1:45,5073,61,4294,1064,1152
9/3/2021 1:50,5020,60,4292,1063,1150
9/3/2021 1:55,5051,56,4258,1062,1153
9/3/2021 2:00,5049,53,4273,1065,1149
9/3/2021 2:05,5052,50,4292,1065,1149
9/3/2021 2:10,5040,47,4317,1066,1149
9/3/2021 2:15,5020,44,4317,1066,1152
9/3/2021 2:20,4956,38,4225,1065,1155
9/3/2021 2:25,4944,32,4219,1064,1154
9/3/2021 2:30,4997,30,4196,1064,1155
9/3/2021 2:35,5020,26,4197,1066,1150
9/3/2021 2:40,4959,27,4193,1069,1153
9/3/2021 2:45,5013,27,4220,1069,1149
9/3/2021 2:50,4925,27,4197,1066,1155
9/3/2021 2:55,4987,28,4193,1067,1152
9/3/2021 3:00,5027,27,4192,1067,1152
9/3/2021 3:05,5028,29,4173,1066,1152
9/3/2021 3:10,4948,31,4157,1068,1148
9/3/2021 3:15,5013,30,4178,1071,1155
9/3/2021 3:20,5029,29,4187,1073,1150
9/3/2021 3:25,4941,28,4164,1072,1155
9/3/2021 3:30,4954,27,4170,1071,1156
9/3/2021 3:35,5014,25,4177,1070,1156
9/3/2021 3:40,5040,27,4181,1070,1155
9/3/2021 3:45,5035,29,4197,1073,1149
9/3/2021 3:50,5031,29,4202,1069,1154
9/3/2021 3:55,5040,28,4191,1072,1155
9/3/2021 4:00,5043,27,4249,1072,1155
9/3/2021 4:05,5079,27,4280,1073,1150
9/3/2021 4:10,5006,25,4336,1072,1154
9/3/2021 4:15,5012,26,4308,1071,1155
9/3/2021 4:20,5078,23,4325,1076,1155
9/3/2021 4:25,5072,25,4318,1076,1155
9/3/2021 4:30,5090,25,4329,1078,1155
9/3/2021 4:35,5094,23,4345,1079,1152
9/3/2021 4:40,5128,24,4342,1080,1155
9/3/2021 4:45,5152,23,4352,1080,1156
9/3/2021 4:50,5146,23,4371,1081,1156
9/3/2021 4:55,5096,22,4397,1098,1152
9/3/2021 5:00,5193,20,4393,1123,1152
9/3/2021 5:05,5187,20,4537,1139,1152
9/3/2021 5:10,5302,21,4531,1155,1155
9/3/2021 5:15,5295,21,4550,1159,1157
9/3/2021 5:20,5351,22,4572,1155,1156
9/3/2021 5:25,5329,23,4600,1155,1154
9/3/2021 5:30,5377,23,4638,1158,1156
9/3/2021 5:35,5423,25,4668,1158,1157
9/3/2021 5:40,5451,25,4700,1153,1157
9/3/2021 5:45,5402,25,4720,1157,1152
9/3/2021 5:50,5424,24,4718,1161,1158
9/3/2021 5:55,5535,23,4933,1169,1156
9/3/2021 6:00,5569,24,5386,1180,1156
9/3/2021 6:05,5653,21,5990,1186,1152
9/3/2021 6:10,5705,18,6169,1196,1152
9/3/2021 6:15,5751,16,6313,1191,1152
9/3/2021 6:20,5798,17,6365,1191,1158
9/3/2021 6:25,5800,16,6414,1195,1159
9/3/2021 6:30,5793,15,6421,1194,1157
9/3/2021 6:35,5750,13,6417,1192,1153
9/3/2021 6:40,5867,14,6394,1191,1158
9/3/2021 6:45,5859,14,6448,1189,1157
9/3/2021 6:50,5906,13,6385,1190,1157
9/3/2021 6:55,5912,12,6459,1191,1157
9/3/2021 7:00,5932,13,6483,1199,1158
9/3/2021 7:05,6008,13,6604,1196,1152
9/3/2021 7:10,6017,15,6614,1192,1157
9/3/2021 7:15,6007,15,6585,1189,1158
9/3/2021 7:20,5959,15,6574,1189,1158
9/3/2021 7:25,6005,14,6630,1192,1153
9/3/2021 7:30,6081,14,6623,1193,1153
9/3/2021 7:35,6027,13,6649,1191,1153
9/3/2021 7:40,6112,10,6648,1190,1157
9/3/2021 7:45,6106,10,6627,1188,1158
9/3/2021 7:50,6112,9,6605,1188,1157
9/3/2021 7:55,6092,7,6644,1188,1158
9/3/2021 8:00,6137,6,6643,1183,1158
9/3/2021 8:05,6159,5,6747,1184,1157
9/3/2021 8:10,6094,4,6690,1190,1156
9/3/2021 8:15,6192,3,6664,1197,1155
9/3/2021 8:20,6096,2,6622,1199,1157
9/3/2021 8:25,6198,1,6646,1201,1157
9/3/2021 8:30,6153,1,6613,1205,1155
9/3/2021 8:35,6181,1,6638,1211,1150
9/3/2021 8:40,6206,0,6569,1212,1152
9/3/2021 8:45,6175,0,6566,1214,1155
9/3/2021 8:50,6139,0,6642,1216,1154
9/3/2021 8:55,6149,0,6664,1220,1154
9/3/2021 9:00,6135,0,6646,1220,1155
9/3/2021 9:05,6227,0,6604,1225,1152
9/3/2021 9:10,6267,0,6566,1230,1152
9/3/2021 9:15,6245,0,6593,1228,1155
9/3/2021 9:20,6154,0,6588,1233,1154
9/3/2021 9:25,6254,0,6583,1229,1153
9/3/2021 9:30,6269,0,6587,1230,1149
9/3/2021 9:35,6261,0,6569,1221,1153
9/3/2021 9:40,6148,0,6555,1228,1152
9/3/2021 9:45,6191,1,6599,1234,1154
9/3/2021 9:50,6261,1,6618,1215,1152
9/3/2021 9:55,6165,1,6632,1222,1152
9/3/2021 10:00,5945,2,6397,1218,1152
9/3/2021 10:05,5859,4,6227,1212,1152
9/3/2021 10:10,5870,4,6178,1211,1147
9/3/2021 10:15,5873,6,6156,1209,1148
9/3/2021 10:20,5870,6,6146,1209,1152
9/3/2021 10:25,5789,5,6100,1219,1150
9/3/2021 10:30,5796,8,6106,1218,1152
9/3/2021 10:35,5860,10,6167,1209,1152
9/3/2021 10:40,5879,11,6199,1206,1152
9/3/2021 10:45,5882,13,6195,1206,1152
9/3/2021 10:50,5848,15,6204,1207,1152
9/3/2021 10:55,5905,15,6178,1205,1152
9/3/2021 11:00,5887,16,6171,1208,1151
9/3/2021 11:05,5897,14,6198,1210,1148
9/3/2021 11:10,5855,16,6227,1209,1148
9/3/2021 11:15,5842,17,6193,1204,1150
9/3/2021 11:20,5953,16,6191,1204,1152
9/3/2021 11:25,5856,17,6202,1203,1152
9/3/2021 11:30,5921,24,6263,1201,1149
9/3/2021 11:35,5953,26,6256,1203,1149
9/3/2021 11:40,5957,23,6264,1206,1150
9/3/2021 11:45,5955,24,6252,1202,1150
9/3/2021 11:50,5988,24,6262,1206,1145
9/3/2021 11:55,5947,20,6361,1198,1149
9/3/2021 12:00,5911,21,6365,1191,1149
9/3/2021 12:05,5905,23,6286,1187,1145
9/3/2021 12:10,5888,23,6284,1185,1144
9/3/2021 12:15,5920,19,6292,1176,1149
9/3/2021 12:20,5945,21,6304,1173,1143
9/3/2021 12:25,5959,19,6284,1175,1143
9/3/2021 12:30,5947,23,6271,1173,1143
9/3/2021 12:35,5981,23,6277,1172,1147
9/3/2021 12:40,5975,19,6273,1174,1147
9/3/2021 12:45,5975,18,6278,1173,1143
9/3/2021 12:50,5991,17,6287,1173,1146
9/3/2021 12:55,6000,18,6371,1174,1146
9/3/2021 13:00,6027,20,6556,1186,1146
9/3/2021 13:05,5985,18,6716,1189,1146
9/3/2021 13:10,6036,17,6863,1193,1147
9/3/2021 13:15,6033,21,6834,1191,1147
9/3/2021 13:20,6036,19,6900,1193,1148
9/3/2021 13:25,6061,20,6890,1195,1147
9/3/2021 13:30,6019,14,6897,1195,1149
9/3/2021 13:35,6019,12,6888,1194,1141
9/3/2021 13:40,6031,13,6902,1194,1142
9/3/2021 13:45,6032,11,6884,1195,1141
9/3/2021 13:50,6070,15,6929,1194,1145
9/3/2021 13:55,6076,14,6921,1196,1147
9/3/2021 14:00,6044,20,6995,1201,1147
9/3/2021 14:05,6038,17,7042,1199,1146
9/3/2021 14:10,6029,16,7151,1199,1147
9/3/2021 14:15,6051,12,7266,1197,1143
9/3/2021 14:20,6055,14,7273,1197,1143
9/3/2021 14:25,6064,13,7289,1195,1145
9/3/2021 14:30,6052,11,7269,1193,1146
9/3/2021 14:35,6096,13,7259,1191,1142
9/3/2021 14:40,6059,13,7265,1194,1142
9/3/2021 14:45,6029,8,7323,1187,1143
9/3/2021 14:50,6047,7,7298,1189,1146
9/3/2021 14:55,6054,8,7413,1190,1139
9/3/2021 15:00,6057,10,7489,1185,1140
9/3/2021 15:05,6076,12,7538,1189,1141
9/3/2021 15:10,6069,9,7534,1185,1146
9/3/2021 15:15,6087,8,7623,1183,1145
9/3/2021 15:20,6096,13,7632,1185,1143
9/3/2021 15:25,6083,11,7602,1187,1141
9/3/2021 15:30,6077,11,7544,1188,1146
9/3/2021 15:35,6122,13,7607,1185,1146
9/3/2021 15:40,6096,16,7584,1189,1140
9/3/2021 15:45,6114,14,7622,1190,1145
9/3/2021 15:50,6122,19,7621,1187,1142
9/3/2021 15:55,6154,25,7588,1186,1146
9/3/2021 16:00,6100,22,7531,1188,1146
9/3/2021 16:05,6174,24,7588,1183,1146
9/3/2021 16:10,6160,28,7633,1187,1141
9/3/2021 16:15,6192,30,7661,1185,1143
9/3/2021 16:20,6187,35,7636,1185,1145
9/3/2021 16:25,6208,42,7616,1187,1146
9/3/2021 16:30,6194,41,7616,1186,1140
9/3/2021 16:35,6214,46,7629,1185,1146
9/3/2021 16:40,6194,56,7679,1183,1140
9/3/2021 16:45,6199,59,7671,1181,1145
9/3/2021 16:50,6226,63,7651,1183,1146
9/3/2021 16:55,6232,57,7638,1181,1145
9/3/2021 17:00,6241,61,7608,1183,1141
9/3/2021 17:05,6198,63,7624,1184,1142
9/3/2021 17:10,6216,67,7628,1180,1144
9/3/2021 17:15,6262,75,7697,1177,1145
9/3/2021 17:20,6224,81,7726,1179,1145
9/3/2021 17:25,6260,84,7789,1185,1146
9/3/2021 17:30,6263,92,7773,1187,1146
9/3/2021 17:35,6255,88,7725,1184,1146
9/3/2021 17:40,6260,88,7763,1182,1146
9/3/2021 17:45,6252,92,7797,1182,1141
9/3/2021 17:50,6277,86,7768,1186,1146
9/3/2021 17:55,6284,81,7856,1184,1143
9/3/2021 18:00,6256,75,7846,1186,1145
9/3/2021 18:05,6248,69,7811,1181,1147
9/3/2021 18:10,6240,65,7816,1184,1147
9/3/2021 18:15,6223,60,7816,1185,1143
9/3/2021 18:20,6214,58,7751,1190,1148
9/3/2021 18:25,6218,59,7744,1190,1148
9/3/2021 18:30,6224,54,7717,1186,1148
9/3/2021 18:35,6210,50,7746,1188,1148
9/3/2021 18:40,6188,47,7754,1184,1148
9/3/2021 18:45,6164,44,7781,1188,1148
9/3/2021 18:50,6174,40,7795,1187,1143
9/3/2021 18:55,6173,39,7753,1190,1149
9/3/2021 19:00,6138,38,7691,1188,1149
9/3/2021 19:05,6133,36,7669,1187,1147
9/3/2021 19:10,6109,40,7695,1184,1149
9/3/2021 19:15,6071,38,7699,1184,1148
9/3/2021 19:20,6060,34,7741,1185,1148
9/3/2021 19:25,6080,34,7711,1183,1146
9/3/2021 19:30,6077,36,7744,1191,1147
9/3/2021 19:35,6087,36,7769,1189,1142
9/3/2021 19:40,6082,36,7788,1188,1146
9/3/2021 19:45,6116,37,7815,1191,1143
9/3/2021 19:50,6107,36,7775,1190,1148
9/3/2021 19:55,6100,32,7669,1189,1149
9/3/2021 20:00,6100,33,7604,1194,1149
9/3/2021 20:05,6072,30,7495,1196,1143
9/3/2021 20:10,6074,31,7360,1199,1148
9/3/2021 20:15,6057,29,7295,1199,1148
9/3/2021 20:20,6062,32,7236,1199,1149
9/3/2021 20:25,6051,35,7226,1200,1149
9/3/2021 20:30,6016,34,7325,1199,1149
9/3/2021 20:35,6038,36,7195,1199,1149
9/3/2021 20:40,6009,36,7144,1201,1147
9/3/2021 20:45,5981,36,7173,1199,1149
9/3/2021 20:50,5952,38,7118,1204,1146
9/3/2021 20:55,5918,37,7112,1211,1146
9/3/2021 21:00,5905,29,7097,1213,1144
9/3/2021 21:05,5886,26,7086,1210,1149
9/3/2021 21:10,5898,29,7092,1214,1149
9/3/2021 21:15,5874,31,7059,1217,1145
9/3/2021 21:20,5920,29,7039,1213,1143
9/3/2021 21:25,5934,28,7065,1209,1146
9/3/2021 21:30,5946,24,7090,1213,1150
9/3/2021 21:35,5923,24,7025,1210,1149
9/3/2021 21:40,5901,24,7038,1213,1152
9/3/2021 21:45,5860,20,6961,1212,1150
9/3/2021 21:50,5943,22,7008,1211,1152
9/3/2021 21:55,5907,24,6752,1191,1150
9/3/2021 22:00,5954,26,6322,1161,1146
9/3/2021 22:05,5917,25,5952,1138,1147
9/3/2021 22:10,5897,26,5568,1120,1150
9/3/2021 22:15,5852,25,5401,1115,1152
9/3/2021 22:20,5878,22,5426,1114,1150
9/3/2021 22:25,5818,24,5436,1112,1152
9/3/2021 22:30,5808,28,5352,1110,1152
9/3/2021 22:35,5744,30,5377,1111,1152
9/3/2021 22:40,5742,33,5320,1108,1152
9/3/2021 22:45,5694,38,5289,1109,1152
9/3/2021 22:50,5678,41,5262,1114,1150
9/3/2021 22:55,5648,45,5095,1110,1151
9/3/2021 23:00,5596,49,5069,1109,1152
9/3/2021 23:05,5560,56,5028,1112,1152
9/3/2021 23:10,5534,58,4879,1113,1152
9/3/2021 23:15,5516,49,4919,1110,1152
9/3/2021 23:20,5515,43,4915,1119,1152
9/3/2021 23:25,5490,43,4881,1112,1152
9/3/2021 23:30,5453,40,4865,1111,1146
9/3/2021 23:35,5422,38,4836,1112,1152
9/3/2021 23:40,5393,35,4828,1110,1146
9/3/2021 23:45,5384,34,4801,1110,1152
9/3/2021 23:50,5338,32,4807,1107,1152
9/3/2021 23:55,5335,26,4700,1135,1152
9/4/2021 0:00,5286,21,4687,1165,1152
9/4/2021 0:05,5277,19,4662,1186,1152
9/4/2021 0:10,5255,21,4654,1208,1152
9/4/2021 0:15,5208,23,4611,1214,1152
9/4/2021 0:20,5203,24,4592,1216,1148
9/4/2021 0:25,5183,23,4548,1213,1149
9/4/2021 0:30,5157,21,4565,1211,1152
9/4/2021 0:35,5132,17,4539,1214,1152
